openTime,open,high,low,close,volume,tickVolume
2026-09-25 15:58:00+00:00,1.13923,1.13963,1.13923,1.13963,0,127.0
2026-09-25 15:59:00+00:00,1.13964,1.13999,1.13959,1.13996,0,123.0
2026-09-25 16:00:00+00:00,1.14,1.14038,1.13995,1.14035,0,145.0
2026-09-25 16:01:00+00:00,1.14034,1.1406,1.14034,1.14036,0,175.0
2026-09-25 16:02:00+00:00,1.14038,1.14078,1.14038,1.14072,0,181.0
2026-09-25 16:03:00+00:00,1.1407,1.1411,1.14067,1.14107,0,152.0
2026-09-25 16:04:00+00:00,1.1411,1.1411,1.14063,1.14084,0,183.0
2026-09-25 16:05:00+00:00,1.14081,1.14098,1.14062,1.14081,0,167.0
2026-09-25 16:06:00+00:00,1.14081,1.14089,1.14056,1.14084,0,145.0
2026-09-25 16:07:00+00:00,1.14086,1.14091,1.1406,1.14063,0,121.0
2026-09-25 16:08:00+00:00,1.14063,1.14081,1.14059,1.14065,0,132.0
2026-09-25 16:09:00+00:00,1.14068,1.14087,1.14061,1.14081,0,119.0
2026-09-25 16:10:00+00:00,1.14083,1.14086,1.14056,1.14056,0,102.0
2026-09-25 16:11:00+00:00,1.14058,1.14083,1.14051,1.14082,0,110.0
2026-09-25 16:12:00+00:00,1.1408,1.14088,1.14075,1.14087,0,99.0
2026-09-25 16:13:00+00:00,1.14086,1.14088,1.14067,1.14067,0,96.0
2026-09-25 16:14:00+00:00,1.14067,1.14073,1.14045,1.14073,0,107.0
2026-09-25 16:15:00+00:00,1.1407,1.1407,1.14036,1.14036,0,119.0
2026-09-25 16:16:00+00:00,1.14038,1.14038,1.14022,1.14029,0,97.0
2026-09-25 16:17:00+00:00,1.14029,1.14035,1.14018,1.14021,0,99.0
2026-09-25 16:18:00+00:00,1.14022,1.14026,1.14007,1.1401,0,68.0
2026-09-25 16:19:00+00:00,1.14011,1.14016,1.13996,1.14001,0,79.0
2026-09-25 16:20:00+00:00,1.14001,1.14006,1.13987,1.13989,0,105.0
2026-09-25 16:21:00+00:00,1.13991,1.13991,1.13976,1.13976,0,85.0
2026-09-25 16:22:00+00:00,1.13977,1.13985,1.13967,1.1397,0,84.0
2026-09-25 16:23:00+00:00,1.1397,1.13972,1.13946,1.13956,0,108.0
2026-09-25 16:24:00+00:00,1.13956,1.1396,1.13935,1.13958,0,97.0
2026-09-25 16:25:00+00:00,1.13959,1.1396,1.13944,1.13945,0,101.0
2026-09-25 16:26:00+00:00,1.13945,1.13982,1.13945,1.13982,0,84.0
2026-09-25 16:27:00+00:00,1.13982,1.13983,1.13971,1.13974,0,86.0
2026-09-25 16:28:00+00:00,1.13975,1.13975,1.13959,1.13964,0,79.0
2026-09-25 16:29:00+00:00,1.13965,1.13982,1.1396,1.13981,0,72.0
2026-09-25 16:30:00+00:00,1.13983,1.13993,1.13979,1.13982,0,85.0
2026-09-25 16:31:00+00:00,1.13982,1.13982,1.13972,1.13973,0,68.0
2026-09-25 16:32:00+00:00,1.13974,1.13981,1.13962,1.13965,0,68.0
2026-09-25 16:33:00+00:00,1.13964,1.13979,1.13964,1.13969,0,69.0
2026-09-25 16:34:00+00:00,1.13962,1.13963,1.13908,1.13939,0,201.0
2026-09-25 16:35:00+00:00,1.13939,1.13952,1.13938,1.1395,0,88.0
2026-09-25 16:36:00+00:00,1.13951,1.13954,1.13923,1.13939,0,97.0
2026-09-25 16:37:00+00:00,1.1394,1.13959,1.1394,1.13952,0,68.0
2026-09-25 16:38:00+00:00,1.1395,1.1395,1.13936,1.1395,0,70.0
2026-09-25 16:39:00+00:00,1.13951,1.13962,1.13947,1.13957,0,60.0
2026-09-25 16:40:00+00:00,1.13957,1.13961,1.13948,1.13948,0,58.0
2026-09-25 16:41:00+00:00,1.13948,1.1395,1.13942,1.13944,0,68.0
2026-09-25 16:42:00+00:00,1.13945,1.13964,1.13934,1.13938,0,104.0
2026-09-25 16:43:00+00:00,1.13938,1.13945,1.1393,1.13939,0,65.0
2026-09-25 16:44:00+00:00,1.13941,1.13955,1.13941,1.13952,0,52.0
2026-09-25 16:45:00+00:00,1.13952,1.13952,1.1393,1.13932,0,63.0
2026-09-25 16:46:00+00:00,1.13932,1.13942,1.13932,1.13936,0,47.0
2026-09-25 16:47:00+00:00,1.13936,1.13936,1.13929,1.13931,0,62.0
2026-09-25 16:48:00+00:00,1.13931,1.13939,1.13922,1.13922,0,69.0
2026-09-25 16:49:00+00:00,1.13922,1.13939,1.13914,1.13937,0,63.0
2026-09-25 16:50:00+00:00,1.13935,1.13941,1.13928,1.13928,0,73.0
2026-09-25 16:51:00+00:00,1.13929,1.13935,1.13929,1.13931,0,46.0
2026-09-25 16:52:00+00:00,1.13931,1.13937,1.1393,1.13936,0,65.0
2026-09-25 16:53:00+00:00,1.13936,1.13936,1.13925,1.13925,0,40.0
2026-09-25 16:54:00+00:00,1.13927,1.13929,1.13918,1.13922,0,58.0
2026-09-25 16:55:00+00:00,1.13922,1.13934,1.13919,1.1393,0,68.0
2026-09-25 16:56:00+00:00,1.13929,1.13937,1.13929,1.13931,0,63.0
2026-09-25 16:57:00+00:00,1.13931,1.13936,1.13925,1.1393,0,58.0
2026-09-25 16:58:00+00:00,1.13929,1.13934,1.13927,1.13934,0,55.0
2026-09-25 16:59:00+00:00,1.13934,1.13937,1.13915,1.13924,0,91.0
2026-09-25 17:00:00+00:00,1.13923,1.1393,1.13912,1.13922,0,85.0
2026-09-25 17:01:00+00:00,1.1392,1.13943,1.13916,1.1394,0,82.0
2026-09-25 17:02:00+00:00,1.13941,1.13941,1.13926,1.13926,0,84.0
2026-09-25 17:03:00+00:00,1.13926,1.13931,1.13919,1.13923,0,67.0
2026-09-25 17:04:00+00:00,1.13923,1.13926,1.13904,1.13906,0,65.0
2026-09-25 17:05:00+00:00,1.13907,1.13915,1.13907,1.13911,0,57.0
2026-09-25 17:06:00+00:00,1.13911,1.1393,1.13911,1.13926,0,79.0
2026-09-25 17:07:00+00:00,1.13926,1.13929,1.13917,1.13925,0,64.0
2026-09-25 17:08:00+00:00,1.13925,1.13927,1.1389,1.13896,0,84.0
2026-09-25 17:09:00+00:00,1.13895,1.1391,1.13895,1.1391,0,50.0
2026-09-25 17:10:00+00:00,1.1391,1.1391,1.13896,1.13899,0,62.0
2026-09-25 17:11:00+00:00,1.13899,1.13908,1.13895,1.13908,0,56.0
2026-09-25 17:12:00+00:00,1.13907,1.13914,1.13904,1.13905,0,54.0
2026-09-25 17:13:00+00:00,1.13907,1.13912,1.13905,1.13906,0,37.0
2026-09-25 17:14:00+00:00,1.13904,1.13908,1.13899,1.13902,0,53.0
2026-09-25 17:15:00+00:00,1.13903,1.13904,1.13891,1.13895,0,57.0
2026-09-25 17:16:00+00:00,1.13896,1.13901,1.1389,1.13901,0,65.0
2026-09-25 17:17:00+00:00,1.13901,1.13901,1.13893,1.13898,0,47.0
2026-09-25 17:18:00+00:00,1.13898,1.13898,1.13888,1.13891,0,42.0
2026-09-25 17:19:00+00:00,1.1389,1.13897,1.1389,1.13896,0,39.0
2026-09-25 17:20:00+00:00,1.13898,1.13899,1.13895,1.13899,0,42.0
2026-09-25 17:21:00+00:00,1.13899,1.13902,1.13896,1.13896,0,28.0
2026-09-25 17:22:00+00:00,1.13896,1.13902,1.13896,1.13902,0,52.0
2026-09-25 17:23:00+00:00,1.13902,1.13903,1.13896,1.13901,0,32.0
2026-09-25 17:24:00+00:00,1.13901,1.13902,1.13896,1.13899,0,32.0
2026-09-25 17:25:00+00:00,1.139,1.13902,1.13896,1.13901,0,36.0
2026-09-25 17:26:00+00:00,1.13901,1.13902,1.13897,1.13899,0,28.0
2026-09-25 17:27:00+00:00,1.13898,1.13898,1.13894,1.13896,0,34.0
2026-09-25 17:28:00+00:00,1.13894,1.13899,1.1389,1.13894,0,52.0
2026-09-25 17:29:00+00:00,1.13894,1.13898,1.1389,1.13892,0,46.0
2026-09-25 17:30:00+00:00,1.13893,1.139,1.13893,1.139,0,23.0
2026-09-25 17:31:00+00:00,1.139,1.13903,1.13896,1.13903,0,39.0
2026-09-25 17:32:00+00:00,1.13902,1.1391,1.13901,1.13909,0,43.0
2026-09-25 17:33:00+00:00,1.1391,1.13919,1.13903,1.13905,0,47.0
2026-09-25 17:34:00+00:00,1.13903,1.13905,1.13893,1.13899,0,63.0
2026-09-25 17:35:00+00:00,1.13899,1.13899,1.13885,1.13889,0,47.0
2026-09-25 17:36:00+00:00,1.13888,1.13896,1.13883,1.13883,0,56.0
2026-09-25 17:37:00+00:00,1.13883,1.13886,1.13873,1.13879,0,52.0
2026-09-25 17:38:00+00:00,1.13879,1.13891,1.13879,1.13889,0,36.0
2026-09-25 17:39:00+00:00,1.1389,1.13912,1.13885,1.13897,0,70.0
2026-09-25 17:40:00+00:00,1.139,1.13911,1.13893,1.13893,0,84.0
2026-09-25 17:41:00+00:00,1.13893,1.13915,1.13893,1.13907,0,61.0
2026-09-25 17:42:00+00:00,1.13905,1.13919,1.13901,1.13917,0,51.0
2026-09-25 17:43:00+00:00,1.13917,1.13918,1.13911,1.13912,0,43.0
2026-09-25 17:44:00+00:00,1.13912,1.13923,1.13912,1.13917,0,44.0
2026-09-25 17:45:00+00:00,1.13917,1.13917,1.13906,1.13907,0,49.0
2026-09-25 17:46:00+00:00,1.13907,1.13912,1.13901,1.13901,0,55.0
2026-09-25 17:47:00+00:00,1.13901,1.13903,1.13896,1.13896,0,43.0
2026-09-25 17:48:00+00:00,1.13896,1.1391,1.13894,1.13907,0,57.0
2026-09-25 17:49:00+00:00,1.13907,1.13919,1.13906,1.13908,0,56.0
2026-09-25 17:50:00+00:00,1.13908,1.13908,1.13901,1.13905,0,37.0
2026-09-25 17:51:00+00:00,1.13905,1.13907,1.139,1.13906,0,41.0
2026-09-25 17:52:00+00:00,1.13906,1.13912,1.13903,1.13911,0,42.0
2026-09-25 17:53:00+00:00,1.13911,1.13923,1.13911,1.13921,0,60.0
2026-09-25 17:54:00+00:00,1.13921,1.13921,1.13915,1.1392,0,37.0
2026-09-25 17:55:00+00:00,1.1392,1.13922,1.13919,1.13922,0,29.0
2026-09-25 17:56:00+00:00,1.13923,1.13924,1.13919,1.13922,0,33.0
2026-09-25 17:57:00+00:00,1.13921,1.13922,1.13902,1.13903,0,56.0
2026-09-25 17:58:00+00:00,1.13903,1.13909,1.13901,1.13908,0,49.0
2026-09-25 17:59:00+00:00,1.13909,1.13912,1.13907,1.13912,0,45.0
2026-09-25 18:00:00+00:00,1.13914,1.13915,1.13907,1.13915,0,48.0
2026-09-25 18:01:00+00:00,1.13916,1.1392,1.13912,1.13912,0,38.0
2026-09-25 18:02:00+00:00,1.13912,1.1392,1.13909,1.13916,0,40.0
2026-09-25 18:03:00+00:00,1.13917,1.13917,1.13911,1.13915,0,36.0
2026-09-25 18:04:00+00:00,1.13915,1.13917,1.13906,1.13907,0,48.0
2026-09-25 18:05:00+00:00,1.13905,1.13915,1.139,1.13901,0,38.0
2026-09-25 18:06:00+00:00,1.139,1.13902,1.139,1.13901,0,16.0
2026-09-25 18:07:00+00:00,1.13901,1.13905,1.139,1.13905,0,11.0
2026-09-25 18:08:00+00:00,1.13906,1.13914,1.13906,1.13914,0,33.0
2026-09-25 18:09:00+00:00,1.13914,1.13922,1.13914,1.13922,0,32.0
2026-09-25 18:10:00+00:00,1.13922,1.13922,1.13917,1.1392,0,41.0
2026-09-25 18:11:00+00:00,1.1392,1.1392,1.13913,1.13916,0,60.0
2026-09-25 18:12:00+00:00,1.13916,1.13917,1.13914,1.13915,0,11.0
2026-09-25 18:13:00+00:00,1.13915,1.13922,1.13915,1.13919,0,19.0
2026-09-25 18:14:00+00:00,1.13922,1.13923,1.13915,1.13922,0,38.0
2026-09-25 18:15:00+00:00,1.13922,1.13932,1.13922,1.13926,0,45.0
2026-09-25 18:16:00+00:00,1.13926,1.13932,1.13926,1.13927,0,34.0
2026-09-25 18:17:00+00:00,1.13927,1.13927,1.1392,1.1392,0,30.0
2026-09-25 18:18:00+00:00,1.1392,1.13924,1.13919,1.13921,0,29.0
2026-09-25 18:19:00+00:00,1.1392,1.13926,1.13915,1.13925,0,43.0
2026-09-25 18:20:00+00:00,1.13924,1.13925,1.13918,1.13921,0,26.0
2026-09-25 18:21:00+00:00,1.13921,1.13925,1.13919,1.13919,0,38.0
2026-09-25 18:22:00+00:00,1.1392,1.13926,1.1392,1.13925,0,45.0
2026-09-25 18:23:00+00:00,1.13926,1.13928,1.13924,1.13926,0,24.0
2026-09-25 18:24:00+00:00,1.13927,1.13938,1.13927,1.13936,0,50.0
2026-09-25 18:25:00+00:00,1.13936,1.13947,1.13936,1.13946,0,38.0
2026-09-25 18:26:00+00:00,1.13946,1.13954,1.13922,1.13933,0,113.0
2026-09-25 18:27:00+00:00,1.13932,1.13937,1.13916,1.13924,0,117.0
2026-09-25 18:28:00+00:00,1.13926,1.13937,1.13917,1.13936,0,78.0
2026-09-25 18:29:00+00:00,1.13936,1.13945,1.13935,1.13945,0,40.0
2026-09-25 18:30:00+00:00,1.13945,1.13956,1.13945,1.13956,0,50.0
2026-09-25 18:31:00+00:00,1.13956,1.13966,1.13955,1.1396,0,47.0
2026-09-25 18:32:00+00:00,1.1396,1.1397,1.1396,1.13966,0,44.0
2026-09-25 18:33:00+00:00,1.13965,1.13975,1.13963,1.1397,0,68.0
2026-09-25 18:34:00+00:00,1.13969,1.13983,1.13965,1.13982,0,47.0
2026-09-25 18:35:00+00:00,1.13982,1.13992,1.13981,1.13991,0,34.0
2026-09-25 18:36:00+00:00,1.13991,1.13996,1.1399,1.13992,0,39.0
2026-09-25 18:37:00+00:00,1.1399,1.13991,1.13975,1.13975,0,58.0
2026-09-25 18:38:00+00:00,1.13975,1.13982,1.13975,1.13978,0,38.0
2026-09-25 18:39:00+00:00,1.13978,1.13978,1.1397,1.1397,0,29.0
2026-09-25 18:40:00+00:00,1.13969,1.13973,1.13967,1.13972,0,38.0
2026-09-25 18:41:00+00:00,1.13973,1.13973,1.1396,1.13971,0,45.0
2026-09-25 18:42:00+00:00,1.13968,1.13988,1.13968,1.13985,0,44.0
2026-09-25 18:43:00+00:00,1.13985,1.13993,1.13984,1.13991,0,25.0
2026-09-25 18:44:00+00:00,1.13989,1.13989,1.1398,1.13987,0,51.0
2026-09-25 18:45:00+00:00,1.13987,1.13991,1.13985,1.13986,0,40.0
2026-09-25 18:46:00+00:00,1.13986,1.13994,1.13986,1.13992,0,26.0
2026-09-25 18:47:00+00:00,1.13992,1.13993,1.13991,1.13993,0,23.0
2026-09-25 18:48:00+00:00,1.13993,1.14004,1.13993,1.14002,0,27.0
2026-09-25 18:49:00+00:00,1.14001,1.14005,1.13999,1.14002,0,52.0
2026-09-25 18:50:00+00:00,1.14003,1.14003,1.13999,1.14,0,26.0
2026-09-25 18:51:00+00:00,1.13999,1.14007,1.13999,1.14004,0,44.0
2026-09-25 18:52:00+00:00,1.14004,1.14009,1.14002,1.14008,0,48.0
2026-09-25 18:53:00+00:00,1.14008,1.14009,1.13999,1.14,0,36.0
2026-09-25 18:54:00+00:00,1.14,1.14,1.1399,1.13995,0,57.0
2026-09-25 18:55:00+00:00,1.13997,1.14003,1.13997,1.13998,0,48.0
2026-09-25 18:56:00+00:00,1.13998,1.14004,1.13998,1.14001,0,40.0
2026-09-25 18:57:00+00:00,1.14001,1.14001,1.13992,1.13994,0,65.0
2026-09-25 18:58:00+00:00,1.13994,1.13998,1.13991,1.13997,0,33.0
2026-09-25 18:59:00+00:00,1.13997,1.13997,1.13983,1.13993,0,61.0
2026-09-25 19:00:00+00:00,1.13993,1.14,1.13991,1.13992,0,63.0
2026-09-25 19:01:00+00:00,1.13993,1.14007,1.1399,1.13995,0,70.0
2026-09-25 19:02:00+00:00,1.13995,1.13997,1.13976,1.13981,0,67.0
2026-09-25 19:03:00+00:00,1.1398,1.13981,1.13971,1.13976,0,43.0
2026-09-25 19:04:00+00:00,1.13974,1.13976,1.13967,1.13971,0,34.0
2026-09-25 19:05:00+00:00,1.13971,1.13985,1.13964,1.13984,0,55.0
2026-09-25 19:06:00+00:00,1.13984,1.13993,1.13983,1.13988,0,48.0
2026-09-25 19:07:00+00:00,1.13988,1.13999,1.13987,1.13998,0,42.0
2026-09-25 19:08:00+00:00,1.13998,1.14003,1.13995,1.13996,0,57.0
2026-09-25 19:09:00+00:00,1.13995,1.14002,1.13994,1.14001,0,45.0
2026-09-25 19:10:00+00:00,1.14,1.14002,1.13993,1.13996,0,50.0
2026-09-25 19:11:00+00:00,1.13996,1.13997,1.13985,1.13988,0,49.0
2026-09-25 19:12:00+00:00,1.13988,1.13992,1.13984,1.13991,0,32.0
2026-09-25 19:13:00+00:00,1.13991,1.13992,1.13985,1.13991,0,34.0
2026-09-25 19:14:00+00:00,1.13992,1.14004,1.13992,1.14002,0,40.0
2026-09-25 19:15:00+00:00,1.14002,1.14004,1.13996,1.13999,0,34.0
2026-09-25 19:16:00+00:00,1.13999,1.14002,1.13994,1.13995,0,40.0
2026-09-25 19:17:00+00:00,1.13995,1.13997,1.13991,1.13995,0,39.0
2026-09-25 19:18:00+00:00,1.13996,1.13997,1.13994,1.13996,0,28.0
2026-09-25 19:19:00+00:00,1.13995,1.13998,1.13989,1.13989,0,48.0
2026-09-25 19:20:00+00:00,1.13989,1.13993,1.13985,1.13987,0,37.0
2026-09-25 19:21:00+00:00,1.13988,1.13991,1.13985,1.13991,0,38.0
2026-09-25 19:22:00+00:00,1.1399,1.1399,1.13981,1.13981,0,38.0
2026-09-25 19:23:00+00:00,1.13981,1.13992,1.13981,1.13992,0,25.0
2026-09-25 19:24:00+00:00,1.13992,1.13997,1.13991,1.13993,0,35.0
2026-09-25 19:25:00+00:00,1.13993,1.13996,1.13985,1.13986,0,39.0
2026-09-25 19:26:00+00:00,1.13986,1.13988,1.13978,1.13983,0,37.0
2026-09-25 19:27:00+00:00,1.13982,1.13986,1.13981,1.13983,0,26.0
2026-09-25 19:28:00+00:00,1.13984,1.13989,1.13981,1.13981,0,38.0
2026-09-25 19:29:00+00:00,1.13982,1.13982,1.13977,1.13977,0,31.0
2026-09-25 19:30:00+00:00,1.13975,1.13983,1.13971,1.13981,0,54.0
2026-09-25 19:31:00+00:00,1.13981,1.13981,1.13969,1.13977,0,34.0
2026-09-25 19:32:00+00:00,1.13977,1.1398,1.13975,1.1398,0,30.0
2026-09-25 19:33:00+00:00,1.1398,1.13986,1.1398,1.13983,0,32.0
2026-09-25 19:34:00+00:00,1.13983,1.13985,1.13981,1.13984,0,39.0
2026-09-25 19:35:00+00:00,1.13984,1.13987,1.13983,1.13985,0,33.0
2026-09-25 19:36:00+00:00,1.13985,1.13989,1.13985,1.13988,0,27.0
2026-09-25 19:37:00+00:00,1.13987,1.14008,1.13987,1.14006,0,82.0
2026-09-25 19:38:00+00:00,1.14004,1.14012,1.13997,1.13998,0,68.0
2026-09-25 19:39:00+00:00,1.13998,1.14001,1.13994,1.13995,0,37.0
2026-09-25 19:40:00+00:00,1.13993,1.13993,1.13987,1.13988,0,34.0
2026-09-25 19:41:00+00:00,1.13988,1.13989,1.1398,1.1398,0,37.0
2026-09-25 19:42:00+00:00,1.13978,1.1398,1.13975,1.13977,0,34.0
2026-09-25 19:43:00+00:00,1.13977,1.13978,1.13976,1.13976,0,23.0
2026-09-25 19:44:00+00:00,1.13976,1.13978,1.13976,1.13978,0,31.0
2026-09-25 19:45:00+00:00,1.1398,1.13987,1.13976,1.13981,0,58.0
2026-09-25 19:46:00+00:00,1.13981,1.13982,1.13975,1.13982,0,30.0
2026-09-25 19:47:00+00:00,1.13982,1.13988,1.1398,1.13983,0,39.0
2026-09-25 19:48:00+00:00,1.13983,1.13983,1.1398,1.13982,0,17.0
2026-09-25 19:49:00+00:00,1.13981,1.13983,1.1398,1.13981,0,16.0
2026-09-25 19:50:00+00:00,1.13983,1.13983,1.13974,1.1398,0,42.0
2026-09-25 19:51:00+00:00,1.13977,1.13978,1.13975,1.13976,0,20.0
2026-09-25 19:52:00+00:00,1.13976,1.13977,1.13972,1.13976,0,39.0
2026-09-25 19:53:00+00:00,1.13976,1.13977,1.13966,1.13972,0,44.0
2026-09-25 19:54:00+00:00,1.13972,1.13972,1.1397,1.13972,0,9.0
2026-09-25 19:55:00+00:00,1.13972,1.13972,1.13963,1.13967,0,29.0
2026-09-25 19:56:00+00:00,1.13969,1.13969,1.1396,1.13961,0,37.0
2026-09-25 19:57:00+00:00,1.13961,1.13966,1.1396,1.13962,0,25.0
2026-09-25 19:58:00+00:00,1.13961,1.13963,1.13955,1.13959,0,28.0
2026-09-25 19:59:00+00:00,1.13961,1.13961,1.13951,1.13952,0,45.0
2026-09-25 20:00:00+00:00,1.13951,1.13962,1.13951,1.13959,0,44.0
2026-09-25 20:01:00+00:00,1.13959,1.13962,1.13956,1.13959,0,32.0
2026-09-25 20:02:00+00:00,1.13959,1.13963,1.13955,1.13961,0,36.0
2026-09-25 20:03:00+00:00,1.1396,1.13971,1.1396,1.13968,0,25.0
2026-09-25 20:04:00+00:00,1.13968,1.13973,1.13962,1.13962,0,34.0
2026-09-25 20:05:00+00:00,1.13961,1.13961,1.13952,1.13955,0,30.0
2026-09-25 20:06:00+00:00,1.13953,1.13957,1.13953,1.13957,0,14.0
2026-09-25 20:07:00+00:00,1.13957,1.13957,1.13951,1.13953,0,13.0
2026-09-25 20:08:00+00:00,1.13953,1.13953,1.13946,1.13948,0,11.0
2026-09-25 20:09:00+00:00,1.13947,1.13948,1.13938,1.13938,0,21.0
2026-09-25 20:10:00+00:00,1.13938,1.13941,1.13936,1.13937,0,32.0
2026-09-25 20:11:00+00:00,1.13936,1.13941,1.13936,1.13941,0,12.0
2026-09-25 20:12:00+00:00,1.13941,1.13942,1.13936,1.13937,0,15.0
2026-09-25 20:13:00+00:00,1.13937,1.13939,1.13936,1.13936,0,13.0
2026-09-25 20:14:00+00:00,1.13936,1.13937,1.13935,1.13935,0,19.0
2026-09-25 20:15:00+00:00,1.13935,1.13937,1.13935,1.13937,0,5.0
2026-09-25 20:16:00+00:00,1.13938,1.13941,1.13937,1.1394,0,18.0
2026-09-25 20:17:00+00:00,1.1394,1.13941,1.1394,1.1394,0,5.0
2026-09-25 20:18:00+00:00,1.1394,1.13943,1.1394,1.13942,0,17.0
2026-09-25 20:19:00+00:00,1.13942,1.13943,1.13939,1.13941,0,13.0
2026-09-25 20:20:00+00:00,1.13941,1.13946,1.1394,1.13945,0,16.0
2026-09-25 20:21:00+00:00,1.13945,1.13945,1.13939,1.13943,0,20.0
2026-09-25 20:22:00+00:00,1.13943,1.13943,1.13939,1.1394,0,8.0
2026-09-25 20:23:00+00:00,1.1394,1.1394,1.13939,1.13939,0,8.0
2026-09-25 20:24:00+00:00,1.13939,1.13946,1.13938,1.13945,0,25.0
2026-09-25 20:25:00+00:00,1.13945,1.13945,1.13941,1.13941,0,10.0
2026-09-25 20:26:00+00:00,1.1394,1.1394,1.13935,1.13935,0,22.0
2026-09-25 20:27:00+00:00,1.13935,1.13935,1.13931,1.13931,0,23.0
2026-09-25 20:28:00+00:00,1.13931,1.13933,1.13926,1.13928,0,25.0
2026-09-25 20:29:00+00:00,1.13928,1.13928,1.13922,1.13924,0,25.0
2026-09-25 20:30:00+00:00,1.13924,1.13933,1.13924,1.13927,0,35.0
2026-09-25 20:31:00+00:00,1.13928,1.1393,1.13925,1.13928,0,24.0
2026-09-25 20:32:00+00:00,1.13928,1.13928,1.13927,1.13927,0,3.0
2026-09-25 20:33:00+00:00,1.13928,1.13943,1.13928,1.13941,0,31.0
2026-09-25 20:34:00+00:00,1.13941,1.13948,1.13939,1.13947,0,24.0
2026-09-25 20:35:00+00:00,1.13947,1.13949,1.13942,1.13943,0,25.0
2026-09-25 20:36:00+00:00,1.13943,1.13949,1.13943,1.13948,0,19.0
2026-09-25 20:37:00+00:00,1.13949,1.13953,1.13948,1.13952,0,20.0
2026-09-25 20:38:00+00:00,1.13951,1.13951,1.13946,1.13947,0,10.0
2026-09-25 20:39:00+00:00,1.13947,1.13947,1.13945,1.13945,0,13.0
2026-09-25 20:40:00+00:00,1.13945,1.13945,1.13941,1.13941,0,10.0
2026-09-25 20:41:00+00:00,1.13941,1.13945,1.13935,1.13945,0,12.0
2026-09-25 20:42:00+00:00,1.13946,1.13946,1.13941,1.13942,0,16.0
2026-09-25 20:43:00+00:00,1.13942,1.13942,1.13932,1.13932,0,28.0
2026-09-25 20:44:00+00:00,1.13933,1.13937,1.13933,1.13934,0,35.0
2026-09-25 20:45:00+00:00,1.13934,1.13937,1.13932,1.13933,0,37.0
2026-09-25 20:46:00+00:00,1.13934,1.13936,1.1393,1.13935,0,39.0
2026-09-25 20:47:00+00:00,1.13935,1.13935,1.13934,1.13934,0,15.0
2026-09-25 20:48:00+00:00,1.13934,1.13935,1.13928,1.13933,0,25.0
2026-09-25 20:49:00+00:00,1.13933,1.13936,1.13924,1.13925,0,46.0
2026-09-25 20:50:00+00:00,1.13924,1.13926,1.13921,1.13926,0,16.0
2026-09-25 20:51:00+00:00,1.13926,1.13926,1.13923,1.13925,0,13.0
2026-09-25 20:52:00+00:00,1.13924,1.13928,1.13924,1.13925,0,28.0
2026-09-25 20:53:00+00:00,1.13925,1.13925,1.13919,1.13922,0,24.0
2026-09-25 20:54:00+00:00,1.13922,1.13923,1.13921,1.13922,0,37.0
2026-09-25 20:55:00+00:00,1.13922,1.13928,1.1392,1.13921,0,54.0
2026-09-25 20:56:00+00:00,1.13922,1.13922,1.13909,1.13909,0,31.0
2026-09-25 20:57:00+00:00,1.13909,1.13915,1.13909,1.13913,0,52.0
