pair,timeframe,signal_time,entry_time,expiry_time,action,entry_price,expiry_price,result,score,rsi,adx,structure,setup
EURUSD,1m,2026-09-25T16:59:00+00:00,2026-09-25T17:00:00+00:00,2026-09-25T17:01:00+00:00,PUT,1.13923,1.1394,LOSS,7.0,42.2405729601042,27.823442287059425,MIXTA,ENGULFING BAJISTA
EURUSD,1m,2026-09-25T17:01:00+00:00,2026-09-25T17:02:00+00:00,2026-09-25T17:03:00+00:00,CALL,1.13941,1.13923,LOSS,9.25,50.61851551438179,28.05990853550954,MIXTA,TENDENCIA + PULLBACK
EURUSD,1m,2026-09-25T17:02:00+00:00,2026-09-25T17:03:00+00:00,2026-09-25T17:04:00+00:00,PUT,1.13926,1.13906,WIN,7.75,44.73935038492105,27.499318385502022,LH + LL,CONFLUENCIA BAJISTA
EURUSD,1m,2026-09-25T17:04:00+00:00,2026-09-25T17:05:00+00:00,2026-09-25T17:06:00+00:00,PUT,1.13907,1.13926,LOSS,8.25,37.58439566198989,28.18741345678146,MIXTA,RUPTURA + CONTINUACIÓN
EURUSD,1m,2026-09-25T17:08:00+00:00,2026-09-25T17:09:00+00:00,2026-09-25T17:10:00+00:00,PUT,1.13895,1.13899,LOSS,12.75,37.096682101056984,27.935248756554234,LH + LL,RUPTURA + CONTINUACIÓN
EURUSD,1m,2026-09-25T17:09:00+00:00,2026-09-25T17:10:00+00:00,2026-09-25T17:11:00+00:00,PUT,1.1391,1.13908,WIN,8.5,43.25813154795102,28.58280450143062,LH + LL,CONFLUENCIA BAJISTA
EURUSD,1m,2026-09-25T17:11:00+00:00,2026-09-25T17:12:00+00:00,2026-09-25T17:13:00+00:00,PUT,1.13907,1.13906,WIN,8.5,43.74127758856075,29.79223033764165,LH + LL,CONFLUENCIA BAJISTA
EURUSD,1m,2026-09-25T17:12:00+00:00,2026-09-25T17:13:00+00:00,2026-09-25T17:14:00+00:00,PUT,1.13907,1.13902,WIN,10.0,42.77124931367722,29.700864183009994,LH + LL,RECHAZO BAJISTA
EURUSD,1m,2026-09-25T17:13:00+00:00,2026-09-25T17:14:00+00:00,2026-09-25T17:15:00+00:00,PUT,1.13904,1.13895,WIN,8.5,43.22323739617607,29.616024182280597,LH + LL,RECHAZO BAJISTA
EURUSD,1m,2026-09-25T17:14:00+00:00,2026-09-25T17:15:00+00:00,2026-09-25T17:16:00+00:00,PUT,1.13903,1.13901,WIN,7.0,41.80108876666601,29.903890342485568,LH + LL,CONFLUENCIA BAJISTA
EURUSD,1m,2026-09-25T17:16:00+00:00,2026-09-25T17:17:00+00:00,2026-09-25T17:18:00+00:00,PUT,1.13901,1.13891,WIN,8.5,42.46153368378202,31.327131820442712,LH + LL,CONFLUENCIA BAJISTA
EURUSD,1m,2026-09-25T17:20:00+00:00,2026-09-25T17:21:00+00:00,2026-09-25T17:22:00+00:00,PUT,1.13899,1.13902,LOSS,7.0,43.25026105472371,34.188401260987064,LH + LL,CONFLUENCIA BAJISTA
EURUSD,1m,2026-09-25T17:23:00+00:00,2026-09-25T17:24:00+00:00,2026-09-25T17:25:00+00:00,PUT,1.13901,1.13901,TIE,8.5,45.00324573701876,33.91945372009743,LH + LL,TENDENCIA + PULLBACK
EURUSD,1m,2026-09-25T17:24:00+00:00,2026-09-25T17:25:00+00:00,2026-09-25T17:26:00+00:00,PUT,1.139,1.13899,WIN,7.0,43.97235635666409,33.733932527080974,LH + LL,CONFLUENCIA BAJISTA
EURUSD,1m,2026-09-25T17:25:00+00:00,2026-09-25T17:26:00+00:00,2026-09-25T17:27:00+00:00,PUT,1.13901,1.13896,WIN,7.0,45.32123115104774,33.56166284785141,LH + LL,CONFLUENCIA BAJISTA
EURUSD,1m,2026-09-25T17:26:00+00:00,2026-09-25T17:27:00+00:00,2026-09-25T17:28:00+00:00,PUT,1.13898,1.13894,WIN,10.5,44.175878668522586,33.401698145709666,LH + LL,TENDENCIA + PULLBACK
EURUSD,1m,2026-09-25T17:27:00+00:00,2026-09-25T17:28:00+00:00,2026-09-25T17:29:00+00:00,PUT,1.13894,1.13892,WIN,7.0,42.443186598143406,33.57990876695494,LH + LL,CONFLUENCIA BAJISTA
EURUSD,1m,2026-09-25T17:34:00+00:00,2026-09-25T17:35:00+00:00,2026-09-25T17:36:00+00:00,PUT,1.13899,1.13883,WIN,7.5,45.985500803879866,28.8898668669932,LH + LL,TENDENCIA + PULLBACK
EURUSD,1m,2026-09-25T17:36:00+00:00,2026-09-25T17:37:00+00:00,2026-09-25T17:38:00+00:00,PUT,1.13883,1.13889,LOSS,7.5,36.8418837981273,27.70889078429062,MIXTA,RUPTURA + CONTINUACIÓN
EURUSD,1m,2026-09-25T17:37:00+00:00,2026-09-25T17:38:00+00:00,2026-09-25T17:39:00+00:00,PUT,1.13879,1.13897,LOSS,9.0,34.88700545082506,28.137429689013818,MIXTA,RUPTURA + CONTINUACIÓN
EURUSD,1m,2026-09-25T17:45:00+00:00,2026-09-25T17:46:00+00:00,2026-09-25T17:47:00+00:00,PUT,1.13907,1.13896,WIN,7.25,52.407228755678325,22.717760534304293,MIXTA,TENDENCIA + PULLBACK
EURUSD,1m,2026-09-25T17:48:00+00:00,2026-09-25T17:49:00+00:00,2026-09-25T17:50:00+00:00,CALL,1.13907,1.13905,LOSS,7.75,52.50256294999568,19.207241771037392,MIXTA,TENDENCIA + PULLBACK
EURUSD,1m,2026-09-25T17:50:00+00:00,2026-09-25T17:51:00+00:00,2026-09-25T17:52:00+00:00,PUT,1.13905,1.13911,LOSS,7.5,51.183893470210585,18.558838954538867,HH + HL,TENDENCIA + PULLBACK
EURUSD,1m,2026-09-25T17:59:00+00:00,2026-09-25T18:00:00+00:00,2026-09-25T18:01:00+00:00,CALL,1.13914,1.13912,LOSS,7.75,52.4860736312061,16.97880201776667,HH + HL,TENDENCIA + PULLBACK
EURUSD,1m,2026-09-25T18:00:00+00:00,2026-09-25T18:01:00+00:00,2026-09-25T18:02:00+00:00,CALL,1.13916,1.13916,TIE,7.0,54.302450459496995,16.40737047511559,HH + HL,RECHAZO ALCISTA
EURUSD,1m,2026-09-25T18:01:00+00:00,2026-09-25T18:02:00+00:00,2026-09-25T18:03:00+00:00,PUT,1.13912,1.13915,LOSS,7.0,52.15527300208542,16.35424503296897,HH + HL,TENDENCIA + PULLBACK
EURUSD,1m,2026-09-25T18:02:00+00:00,2026-09-25T18:03:00+00:00,2026-09-25T18:04:00+00:00,CALL,1.13917,1.13907,LOSS,7.5,54.7258030600639,15.93061556993124,HH + HL,ENGULFING ALCISTA
EURUSD,1m,2026-09-25T18:04:00+00:00,2026-09-25T18:05:00+00:00,2026-09-25T18:06:00+00:00,PUT,1.13905,1.13901,WIN,7.25,48.04365629924209,14.53687215304811,HH + HL,TENDENCIA + PULLBACK
EURUSD,1m,2026-09-25T18:05:00+00:00,2026-09-25T18:06:00+00:00,2026-09-25T18:07:00+00:00,PUT,1.139,1.13905,LOSS,8.5,44.142983633883006,14.072625599324784,HH + HL,RECHAZO BAJISTA
EURUSD,1m,2026-09-25T18:15:00+00:00,2026-09-25T18:16:00+00:00,2026-09-25T18:17:00+00:00,CALL,1.13926,1.1392,LOSS,10.0,60.78099081861198,16.866609993137107,HH + HL,RUPTURA + CONTINUACIÓN
EURUSD,1m,2026-09-25T18:18:00+00:00,2026-09-25T18:19:00+00:00,2026-09-25T18:20:00+00:00,CALL,1.1392,1.13921,WIN,7.5,55.32727588661342,18.404841959384658,HH + HL,CONFLUENCIA ALCISTA
EURUSD,1m,2026-09-25T18:19:00+00:00,2026-09-25T18:20:00+00:00,2026-09-25T18:21:00+00:00,CALL,1.13924,1.13919,LOSS,10.0,58.36458364088084,17.80985520705185,HH + HL,RUPTURA + CONTINUACIÓN
EURUSD,1m,2026-09-25T18:20:00+00:00,2026-09-25T18:21:00+00:00,2026-09-25T18:22:00+00:00,CALL,1.13921,1.13925,WIN,7.5,54.38267226186665,17.2573675084571,HH + HL,CONFLUENCIA ALCISTA
EURUSD,1m,2026-09-25T18:22:00+00:00,2026-09-25T18:23:00+00:00,2026-09-25T18:24:00+00:00,CALL,1.13926,1.13936,WIN,10.75,57.33947142116594,16.41190383731283,HH + HL,RUPTURA + CONTINUACIÓN
EURUSD,1m,2026-09-25T18:23:00+00:00,2026-09-25T18:24:00+00:00,2026-09-25T18:25:00+00:00,CALL,1.13927,1.13946,WIN,10.0,58.111773311979576,16.392333031052647,HH + HL,RUPTURA + CONTINUACIÓN
EURUSD,1m,2026-09-25T18:24:00+00:00,2026-09-25T18:25:00+00:00,2026-09-25T18:26:00+00:00,CALL,1.13936,1.13933,LOSS,10.75,64.94591771524253,17.564238428490757,HH + HL,RUPTURA + CONTINUACIÓN
EURUSD,1m,2026-09-25T18:25:00+00:00,2026-09-25T18:26:00+00:00,2026-09-25T18:27:00+00:00,CALL,1.13946,1.13924,LOSS,10.75,70.18455320769648,19.42749153863449,HH + HL,RUPTURA + CONTINUACIÓN
EURUSD,1m,2026-09-25T18:26:00+00:00,2026-09-25T18:27:00+00:00,2026-09-25T18:28:00+00:00,CALL,1.13932,1.13936,WIN,10.0,58.041075816137315,18.973114878252442,HH + HL,RUPTURA + CONTINUACIÓN
EURUSD,1m,2026-09-25T18:28:00+00:00,2026-09-25T18:29:00+00:00,2026-09-25T18:30:00+00:00,CALL,1.13936,1.13956,WIN,7.5,58.25776748340222,16.765851464140326,HH + HL,CONFLUENCIA ALCISTA
EURUSD,1m,2026-09-25T18:29:00+00:00,2026-09-25T18:30:00+00:00,2026-09-25T18:31:00+00:00,CALL,1.13945,1.1396,WIN,8.25,62.52393696031414,16.621530895006465,HH + HL,CONFLUENCIA ALCISTA
EURUSD,1m,2026-09-25T18:30:00+00:00,2026-09-25T18:31:00+00:00,2026-09-25T18:32:00+00:00,CALL,1.13956,1.13966,WIN,10.75,66.96756663117081,17.416316850942106,HH + HL,RUPTURA + CONTINUACIÓN
EURUSD,1m,2026-09-25T18:31:00+00:00,2026-09-25T18:32:00+00:00,2026-09-25T18:33:00+00:00,CALL,1.1396,1.1397,WIN,9.0,68.43333255724293,18.824834623054414,HH + HL,RUPTURA + CONTINUACIÓN
EURUSD,1m,2026-09-25T18:34:00+00:00,2026-09-25T18:35:00+00:00,2026-09-25T18:36:00+00:00,CALL,1.13982,1.13992,WIN,10.75,75.51847197851099,24.09385675319904,HH + HL,RUPTURA + CONTINUACIÓN
EURUSD,1m,2026-09-25T18:35:00+00:00,2026-09-25T18:36:00+00:00,2026-09-25T18:37:00+00:00,CALL,1.13991,1.13975,LOSS,8.75,77.82769527531488,26.34995510613788,MIXTA,RUPTURA + CONTINUACIÓN
EURUSD,1m,2026-09-25T18:37:00+00:00,2026-09-25T18:38:00+00:00,2026-09-25T18:39:00+00:00,CALL,1.13975,1.1397,LOSS,9.0,64.82878918918249,28.790438067978307,MIXTA,RUPTURA + CONTINUACIÓN
EURUSD,1m,2026-09-25T18:38:00+00:00,2026-09-25T18:39:00+00:00,2026-09-25T18:40:00+00:00,CALL,1.13978,1.13972,LOSS,8.5,65.9274057266295,28.963140843955834,HH + HL,CONFLUENCIA ALCISTA
EURUSD,1m,2026-09-25T18:39:00+00:00,2026-09-25T18:40:00+00:00,2026-09-25T18:41:00+00:00,CALL,1.13969,1.13971,WIN,8.5,60.50028309604426,28.548402629282545,HH + HL,CONFLUENCIA ALCISTA
EURUSD,1m,2026-09-25T18:40:00+00:00,2026-09-25T18:41:00+00:00,2026-09-25T18:42:00+00:00,CALL,1.13973,1.13985,WIN,8.5,61.35673340758354,27.827788278663064,HH + HL,CONFLUENCIA ALCISTA
EURUSD,1m,2026-09-25T18:41:00+00:00,2026-09-25T18:42:00+00:00,2026-09-25T18:43:00+00:00,CALL,1.13968,1.13991,WIN,7.0,60.64865064979438,26.418663275555048,HH + HL,CONFLUENCIA ALCISTA
EURUSD,1m,2026-09-25T18:42:00+00:00,2026-09-25T18:43:00+00:00,2026-09-25T18:44:00+00:00,CALL,1.13985,1.13987,WIN,12.25,66.48079446540953,26.21250542676903,HH + HL,ENGULFING ALCISTA
EURUSD,1m,2026-09-25T18:44:00+00:00,2026-09-25T18:45:00+00:00,2026-09-25T18:46:00+00:00,CALL,1.13987,1.13992,WIN,8.5,65.6109610054842,26.01568027406109,HH + HL,CONFLUENCIA ALCISTA
EURUSD,1m,2026-09-25T18:48:00+00:00,2026-09-25T18:49:00+00:00,2026-09-25T18:50:00+00:00,CALL,1.14001,1.14,LOSS,8.75,71.19658964790324,26.762040246546814,MIXTA,RUPTURA + CONTINUACIÓN
EURUSD,1m,2026-09-25T18:52:00+00:00,2026-09-25T18:53:00+00:00,2026-09-25T18:54:00+00:00,CALL,1.14008,1.13995,LOSS,8.0,72.58565700744809,30.22468807646729,MIXTA,RUPTURA + CONTINUACIÓN
EURUSD,1m,2026-09-25T18:53:00+00:00,2026-09-25T18:54:00+00:00,2026-09-25T18:55:00+00:00,CALL,1.14,1.13998,LOSS,7.5,64.787120050763,30.671707264219936,MIXTA,RUPTURA + CONTINUACIÓN
EURUSD,1m,2026-09-25T18:54:00+00:00,2026-09-25T18:55:00+00:00,2026-09-25T18:56:00+00:00,CALL,1.13997,1.14001,WIN,7.5,60.418005723583896,29.795876815528505,MIXTA,RUPTURA + CONTINUACIÓN
EURUSD,1m,2026-09-25T18:55:00+00:00,2026-09-25T18:56:00+00:00,2026-09-25T18:57:00+00:00,CALL,1.13998,1.13994,LOSS,7.5,62.07078377338994,29.24706096822097,MIXTA,RUPTURA + CONTINUACIÓN
EURUSD,1m,2026-09-25T18:56:00+00:00,2026-09-25T18:57:00+00:00,2026-09-25T18:58:00+00:00,CALL,1.14001,1.13997,LOSS,7.5,63.70298053731249,28.82661851015713,MIXTA,RUPTURA + CONTINUACIÓN
EURUSD,1m,2026-09-25T18:58:00+00:00,2026-09-25T18:59:00+00:00,2026-09-25T19:00:00+00:00,CALL,1.13997,1.13992,LOSS,7.0,59.318921333036,26.346594877756797,HH + HL,CONFLUENCIA ALCISTA
EURUSD,1m,2026-09-25T18:59:00+00:00,2026-09-25T19:00:00+00:00,2026-09-25T19:01:00+00:00,CALL,1.13993,1.13995,WIN,7.0,55.862041992537726,24.73597488942386,HH + HL,CONFLUENCIA ALCISTA
EURUSD,1m,2026-09-25T19:00:00+00:00,2026-09-25T19:01:00+00:00,2026-09-25T19:02:00+00:00,CALL,1.13993,1.13981,LOSS,7.0,54.99912025206627,23.05383748683221,HH + HL,CONFLUENCIA ALCISTA
EURUSD,1m,2026-09-25T19:02:00+00:00,2026-09-25T19:03:00+00:00,2026-09-25T19:04:00+00:00,PUT,1.1398,1.13971,WIN,8.75,46.120427336254835,21.321305386298327,MIXTA,RUPTURA + CONTINUACIÓN
EURUSD,1m,2026-09-25T19:28:00+00:00,2026-09-25T19:29:00+00:00,2026-09-25T19:30:00+00:00,PUT,1.13982,1.13981,WIN,7.0,43.561588172183065,13.061891979481283,LH + LL,ENGULFING BAJISTA
EURUSD,1m,2026-09-25T19:29:00+00:00,2026-09-25T19:30:00+00:00,2026-09-25T19:31:00+00:00,PUT,1.13975,1.13977,LOSS,8.25,40.76615391204844,13.669384683350899,LH + LL,RUPTURA + CONTINUACIÓN
EURUSD,1m,2026-09-25T19:31:00+00:00,2026-09-25T19:32:00+00:00,2026-09-25T19:33:00+00:00,PUT,1.13977,1.13983,LOSS,8.0,41.69271873926551,16.10525887712961,LH + LL,RUPTURA + CONTINUACIÓN
EURUSD,1m,2026-09-25T19:36:00+00:00,2026-09-25T19:37:00+00:00,2026-09-25T19:38:00+00:00,CALL,1.13987,1.13998,WIN,8.75,52.288849762792154,16.28172538110337,LH + LL,TENDENCIA + PULLBACK
EURUSD,1m,2026-09-25T19:37:00+00:00,2026-09-25T19:38:00+00:00,2026-09-25T19:39:00+00:00,CALL,1.14004,1.13995,LOSS,11.75,65.27164704163903,16.952603008240096,LH + LL,RUPTURA + CONTINUACIÓN
EURUSD,1m,2026-09-25T19:38:00+00:00,2026-09-25T19:39:00+00:00,2026-09-25T19:40:00+00:00,CALL,1.13998,1.13988,LOSS,8.0,57.750159472150365,17.9229179584742,LH + LL,RUPTURA + CONTINUACIÓN
EURUSD,1m,2026-09-25T19:39:00+00:00,2026-09-25T19:40:00+00:00,2026-09-25T19:41:00+00:00,CALL,1.13993,1.1398,LOSS,8.0,55.182166285711986,18.35591974355084,LH + LL,RUPTURA + CONTINUACIÓN
EURUSD,1m,2026-09-25T19:54:00+00:00,2026-09-25T19:55:00+00:00,2026-09-25T19:56:00+00:00,PUT,1.13972,1.13961,WIN,7.5,37.79870201924283,12.251742649472574,MIXTA,RUPTURA + CONTINUACIÓN
EURUSD,1m,2026-09-25T19:56:00+00:00,2026-09-25T19:57:00+00:00,2026-09-25T19:58:00+00:00,PUT,1.13961,1.13959,WIN,7.25,29.219493088808917,14.577607601329074,MIXTA,RUPTURA + CONTINUACIÓN
EURUSD,1m,2026-09-25T19:58:00+00:00,2026-09-25T19:59:00+00:00,2026-09-25T20:00:00+00:00,PUT,1.13961,1.13959,WIN,7.0,28.725044273046322,17.368645011417424,MIXTA,RUPTURA + CONTINUACIÓN
EURUSD,1m,2026-09-25T19:59:00+00:00,2026-09-25T20:00:00+00:00,2026-09-25T20:01:00+00:00,PUT,1.13951,1.13959,LOSS,8.75,24.55261103228311,19.213945011014395,MIXTA,RUPTURA + CONTINUACIÓN
EURUSD,1m,2026-09-25T20:00:00+00:00,2026-09-25T20:01:00+00:00,2026-09-25T20:02:00+00:00,PUT,1.13959,1.13961,LOSS,9.0,34.75822509266814,20.709846446271065,MIXTA,RUPTURA + CONTINUACIÓN
EURUSD,1m,2026-09-25T20:01:00+00:00,2026-09-25T20:02:00+00:00,2026-09-25T20:03:00+00:00,PUT,1.13959,1.13968,LOSS,9.0,34.75822509266814,22.098897779009405,MIXTA,RUPTURA + CONTINUACIÓN
EURUSD,1m,2026-09-25T20:02:00+00:00,2026-09-25T20:03:00+00:00,2026-09-25T20:04:00+00:00,PUT,1.1396,1.13962,LOSS,9.0,37.557074245586875,23.388731159409293,MIXTA,RUPTURA + CONTINUACIÓN
EURUSD,1m,2026-09-25T20:03:00+00:00,2026-09-25T20:04:00+00:00,2026-09-25T20:05:00+00:00,PUT,1.13968,1.13955,WIN,9.0,46.24860364185131,22.831552230756973,MIXTA,RUPTURA + CONTINUACIÓN
EURUSD,1m,2026-09-25T20:04:00+00:00,2026-09-25T20:05:00+00:00,2026-09-25T20:06:00+00:00,PUT,1.13961,1.13957,WIN,9.0,40.98293087043783,21.9420839818599,MIXTA,RUPTURA + CONTINUACIÓN
EURUSD,1m,2026-09-25T20:06:00+00:00,2026-09-25T20:07:00+00:00,2026-09-25T20:08:00+00:00,PUT,1.13957,1.13948,WIN,9.0,38.232499392799966,22.760095021199074,MIXTA,RUPTURA + CONTINUACIÓN
EURUSD,1m,2026-09-25T20:08:00+00:00,2026-09-25T20:09:00+00:00,2026-09-25T20:10:00+00:00,PUT,1.13947,1.13937,WIN,9.75,32.199313902488896,24.410810745257887,MIXTA,RUPTURA + CONTINUACIÓN
EURUSD,1m,2026-09-25T20:09:00+00:00,2026-09-25T20:10:00+00:00,2026-09-25T20:11:00+00:00,PUT,1.13938,1.13941,LOSS,8.75,26.94470589248212,26.070020382451453,MIXTA,RUPTURA + CONTINUACIÓN
EURUSD,1m,2026-09-25T20:10:00+00:00,2026-09-25T20:11:00+00:00,2026-09-25T20:12:00+00:00,PUT,1.13936,1.13937,LOSS,9.5,26.479349482340652,27.758269498902305,MIXTA,RUPTURA + CONTINUACIÓN
EURUSD,1m,2026-09-25T20:14:00+00:00,2026-09-25T20:15:00+00:00,2026-09-25T20:16:00+00:00,PUT,1.13935,1.1394,LOSS,8.0,28.28196305217959,32.81787945437212,MIXTA,RUPTURA + CONTINUACIÓN
EURUSD,1m,2026-09-25T20:16:00+00:00,2026-09-25T20:17:00+00:00,2026-09-25T20:18:00+00:00,PUT,1.1394,1.13942,LOSS,9.0,35.33734178203865,33.76218580213256,MIXTA,RUPTURA + CONTINUACIÓN
EURUSD,1m,2026-09-25T20:17:00+00:00,2026-09-25T20:18:00+00:00,2026-09-25T20:19:00+00:00,PUT,1.1394,1.13941,LOSS,9.0,35.33734178203865,33.651070655906636,MIXTA,RUPTURA + CONTINUACIÓN
EURUSD,1m,2026-09-25T20:18:00+00:00,2026-09-25T20:19:00+00:00,2026-09-25T20:20:00+00:00,PUT,1.13942,1.13945,LOSS,7.5,38.238862713144805,33.006011195329805,MIXTA,RUPTURA + CONTINUACIÓN
EURUSD,1m,2026-09-25T20:19:00+00:00,2026-09-25T20:20:00+00:00,2026-09-25T20:21:00+00:00,PUT,1.13941,1.13943,LOSS,7.5,37.33674482789301,32.568405516409506,MIXTA,RUPTURA + CONTINUACIÓN
EURUSD,1m,2026-09-25T20:20:00+00:00,2026-09-25T20:21:00+00:00,2026-09-25T20:22:00+00:00,CALL,1.13945,1.1394,LOSS,8.25,43.117464957266094,31.36195270551676,MIXTA,TENDENCIA + PULLBACK
EURUSD,1m,2026-09-25T20:22:00+00:00,2026-09-25T20:23:00+00:00,2026-09-25T20:24:00+00:00,PUT,1.1394,1.13945,LOSS,8.25,38.15991960587504,29.55823386190276,MIXTA,RUPTURA + CONTINUACIÓN
EURUSD,1m,2026-09-25T20:23:00+00:00,2026-09-25T20:24:00+00:00,2026-09-25T20:25:00+00:00,PUT,1.13939,1.13941,LOSS,8.25,37.211299937401655,28.751809299546238,MIXTA,RUPTURA + CONTINUACIÓN
EURUSD,1m,2026-09-25T20:32:00+00:00,2026-09-25T20:33:00+00:00,2026-09-25T20:34:00+00:00,PUT,1.13928,1.13947,LOSS,7.25,33.83351218360656,25.903647848920293,MIXTA,CONFLUENCIA BAJISTA
EURUSD,1m,2026-09-25T20:36:00+00:00,2026-09-25T20:37:00+00:00,2026-09-25T20:38:00+00:00,CALL,1.13949,1.13947,LOSS,8.75,56.453340672614004,24.977375635743083,MIXTA,RUPTURA + CONTINUACIÓN
EURUSD,1m,2026-09-25T20:45:00+00:00,2026-09-25T20:46:00+00:00,2026-09-25T20:47:00+00:00,PUT,1.13934,1.13934,TIE,10.0,42.56670560100263,21.011834544965172,MIXTA,ENGULFING BAJISTA
EURUSD,1m,2026-09-25T20:47:00+00:00,2026-09-25T20:48:00+00:00,2026-09-25T20:49:00+00:00,PUT,1.13934,1.13925,WIN,9.25,43.83410882964221,21.56351943666425,MIXTA,ENGULFING BAJISTA
EURUSD,2m,2026-09-25T18:02:00+00:00,2026-09-25T18:03:00+00:00,2026-09-25T18:05:00+00:00,CALL,1.13917,1.13901,LOSS,8.0,51.71990771200736,16.907982348957017,HH + HL,TENDENCIA + PULLBACK
EURUSD,2m,2026-09-25T18:04:00+00:00,2026-09-25T18:05:00+00:00,2026-09-25T18:07:00+00:00,PUT,1.13905,1.13905,TIE,10.25,45.60147041056821,16.240717626238144,HH + HL,TENDENCIA + PULLBACK
EURUSD,2m,2026-09-25T18:14:00+00:00,2026-09-25T18:15:00+00:00,2026-09-25T18:17:00+00:00,CALL,1.13922,1.1392,LOSS,8.0,56.185779292370775,15.074825799925852,HH + HL,RUPTURA + CONTINUACIÓN
EURUSD,2m,2026-09-25T18:24:00+00:00,2026-09-25T18:25:00+00:00,2026-09-25T18:27:00+00:00,CALL,1.13936,1.13924,LOSS,9.75,62.9064442406092,16.692874646869118,HH + HL,RUPTURA + CONTINUACIÓN
EURUSD,2m,2026-09-25T18:26:00+00:00,2026-09-25T18:27:00+00:00,2026-09-25T18:29:00+00:00,PUT,1.13932,1.13945,LOSS,8.5,52.41136270749447,16.844011824199843,HH + HL,TENDENCIA + PULLBACK
EURUSD,2m,2026-09-25T18:30:00+00:00,2026-09-25T18:31:00+00:00,2026-09-25T18:33:00+00:00,CALL,1.13956,1.1397,WIN,8.75,63.489646732228934,18.321788700777315,HH + HL,RUPTURA + CONTINUACIÓN
EURUSD,2m,2026-09-25T18:32:00+00:00,2026-09-25T18:33:00+00:00,2026-09-25T18:35:00+00:00,CALL,1.13965,1.13991,WIN,8.75,65.96299967398406,19.966192215160333,HH + HL,RUPTURA + CONTINUACIÓN
EURUSD,2m,2026-09-25T18:34:00+00:00,2026-09-25T18:35:00+00:00,2026-09-25T18:37:00+00:00,CALL,1.13982,1.13975,LOSS,8.75,70.48487571615946,22.127104809404365,HH + HL,RUPTURA + CONTINUACIÓN
EURUSD,2m,2026-09-25T18:36:00+00:00,2026-09-25T18:37:00+00:00,2026-09-25T18:39:00+00:00,CALL,1.1399,1.1397,LOSS,11.0,63.55676917513174,24.264967783226087,HH + HL,RUPTURA + CONTINUACIÓN
EURUSD,2m,2026-09-25T18:38:00+00:00,2026-09-25T18:39:00+00:00,2026-09-25T18:41:00+00:00,CALL,1.13978,1.13971,LOSS,11.0,61.52168876961673,25.735800667220527,HH + HL,RUPTURA + CONTINUACIÓN
EURUSD,2m,2026-09-25T18:40:00+00:00,2026-09-25T18:41:00+00:00,2026-09-25T18:43:00+00:00,CALL,1.13973,1.13991,WIN,10.0,61.785240318148254,26.14392789817055,HH + HL,RECHAZO ALCISTA
EURUSD,2m,2026-09-25T18:48:00+00:00,2026-09-25T18:49:00+00:00,2026-09-25T18:51:00+00:00,CALL,1.14001,1.14004,WIN,10.75,68.2817248152918,31.045541036762284,HH + HL,RUPTURA + CONTINUACIÓN
EURUSD,2m,2026-09-25T18:56:00+00:00,2026-09-25T18:57:00+00:00,2026-09-25T18:59:00+00:00,CALL,1.14001,1.13993,LOSS,8.5,63.33720751466303,34.52832328096858,HH + HL,CONFLUENCIA ALCISTA
EURUSD,2m,2026-09-25T18:58:00+00:00,2026-09-25T18:59:00+00:00,2026-09-25T19:01:00+00:00,CALL,1.13997,1.13995,LOSS,8.5,62.7655498655233,33.926530508541944,HH + HL,CONFLUENCIA ALCISTA
EURUSD,2m,2026-09-25T19:00:00+00:00,2026-09-25T19:01:00+00:00,2026-09-25T19:03:00+00:00,CALL,1.13993,1.13976,LOSS,9.0,63.47557732718351,33.8481073276753,HH + HL,ENGULFING ALCISTA
EURUSD,2m,2026-09-25T19:20:00+00:00,2026-09-25T19:21:00+00:00,2026-09-25T19:23:00+00:00,CALL,1.13988,1.13992,WIN,10.0,55.35637520215985,22.449455473995762,HH + HL,TENDENCIA + PULLBACK
EURUSD,2m,2026-09-25T19:22:00+00:00,2026-09-25T19:23:00+00:00,2026-09-25T19:25:00+00:00,CALL,1.13981,1.13986,WIN,10.0,55.818106777547236,21.160677906181515,HH + HL,TENDENCIA + PULLBACK
EURUSD,2m,2026-09-25T19:24:00+00:00,2026-09-25T19:25:00+00:00,2026-09-25T19:27:00+00:00,CALL,1.13993,1.13983,LOSS,7.0,52.32150414978368,20.340905888116986,HH + HL,CONFLUENCIA ALCISTA
EURUSD,2m,2026-09-25T19:26:00+00:00,2026-09-25T19:27:00+00:00,2026-09-25T19:29:00+00:00,PUT,1.13982,1.13977,WIN,7.5,50.614248121216015,18.977699063132356,HH + HL,TENDENCIA + PULLBACK
EURUSD,2m,2026-09-25T19:56:00+00:00,2026-09-25T19:57:00+00:00,2026-09-25T19:59:00+00:00,PUT,1.13961,1.13952,WIN,8.25,39.02328498412919,12.238774801699165,LH + LL,RUPTURA + CONTINUACIÓN
EURUSD,2m,2026-09-25T19:58:00+00:00,2026-09-25T19:59:00+00:00,2026-09-25T20:01:00+00:00,PUT,1.13961,1.13959,WIN,8.25,34.64527012587588,13.155092174148484,LH + LL,RUPTURA + CONTINUACIÓN
EURUSD,2m,2026-09-25T20:02:00+00:00,2026-09-25T20:03:00+00:00,2026-09-25T20:05:00+00:00,PUT,1.1396,1.13955,WIN,7.5,45.61368994386506,13.795739277383875,LH + LL,RUPTURA + CONTINUACIÓN
EURUSD,2m,2026-09-25T20:08:00+00:00,2026-09-25T20:09:00+00:00,2026-09-25T20:11:00+00:00,PUT,1.13947,1.13941,WIN,11.75,33.06405524613588,15.065533411995242,LH + LL,RUPTURA + CONTINUACIÓN
EURUSD,2m,2026-09-25T20:20:00+00:00,2026-09-25T20:21:00+00:00,2026-09-25T20:23:00+00:00,PUT,1.13945,1.13939,WIN,7.5,38.72200205104826,18.049389834814974,LH + LL,CONFLUENCIA BAJISTA
EURUSD,2m,2026-09-25T20:26:00+00:00,2026-09-25T20:27:00+00:00,2026-09-25T20:29:00+00:00,PUT,1.13935,1.13924,WIN,10.75,33.46101575939325,17.023974295951287,LH + LL,RUPTURA + CONTINUACIÓN
EURUSD,2m,2026-09-25T20:28:00+00:00,2026-09-25T20:29:00+00:00,2026-09-25T20:31:00+00:00,PUT,1.13928,1.13928,TIE,9.75,30.48974699251812,17.904411402578933,LH + LL,RUPTURA + CONTINUACIÓN
EURUSD,2m,2026-09-25T20:32:00+00:00,2026-09-25T20:33:00+00:00,2026-09-25T20:35:00+00:00,PUT,1.13928,1.13943,LOSS,7.5,44.208889610889365,18.081798503957625,LH + LL,CONFLUENCIA BAJISTA
EURUSD,2m,2026-09-25T20:38:00+00:00,2026-09-25T20:39:00+00:00,2026-09-25T20:41:00+00:00,PUT,1.13947,1.13945,WIN,8.25,47.189406807398186,15.310468843550618,LH + LL,TENDENCIA + PULLBACK
EURUSD,2m,2026-09-25T20:42:00+00:00,2026-09-25T20:43:00+00:00,2026-09-25T20:45:00+00:00,PUT,1.13942,1.13933,WIN,7.25,40.07203513760182,14.834044017767914,LH + LL,CONFLUENCIA BAJISTA
EURUSD,5m,2026-09-25T02:00:00+00:00,2026-09-25T15:58:00+00:00,2026-09-25T16:03:00+00:00,PUT,1.13923,1.14107,LOSS,8.5,48.6947758982514,22.80762358656413,MIXTA,TENDENCIA + PULLBACK
EURUSD,5m,2026-09-25T02:05:00+00:00,2026-09-25T15:58:00+00:00,2026-09-25T16:03:00+00:00,CALL,1.13923,1.14107,WIN,7.25,56.96800307002425,22.93530869645611,HH + HL,CONFLUENCIA ALCISTA
EURUSD,5m,2026-09-25T02:30:00+00:00,2026-09-25T15:58:00+00:00,2026-09-25T16:03:00+00:00,CALL,1.13923,1.14107,WIN,7.0,52.274933790430374,21.436214148936802,MIXTA,TENDENCIA + PULLBACK
EURUSD,5m,2026-09-25T02:35:00+00:00,2026-09-25T15:58:00+00:00,2026-09-25T16:03:00+00:00,PUT,1.13923,1.14107,LOSS,8.75,48.39156448976351,20.375553306122576,MIXTA,TENDENCIA + PULLBACK
EURUSD,5m,2026-09-25T02:45:00+00:00,2026-09-25T15:58:00+00:00,2026-09-25T16:03:00+00:00,PUT,1.13923,1.14107,LOSS,7.25,44.246913403643,18.170056293417094,MIXTA,CONFLUENCIA BAJISTA
EURUSD,5m,2026-09-25T02:50:00+00:00,2026-09-25T15:58:00+00:00,2026-09-25T16:03:00+00:00,PUT,1.13923,1.14107,LOSS,8.75,40.0589906561066,18.060977653029965,MIXTA,RUPTURA + CONTINUACIÓN
EURUSD,5m,2026-09-25T02:55:00+00:00,2026-09-25T15:58:00+00:00,2026-09-25T16:03:00+00:00,PUT,1.13923,1.14107,LOSS,8.0,38.34885401348383,18.380109331186144,MIXTA,RUPTURA + CONTINUACIÓN
EURUSD,5m,2026-09-25T03:10:00+00:00,2026-09-25T15:58:00+00:00,2026-09-25T16:03:00+00:00,PUT,1.13923,1.14107,LOSS,11.75,32.54042541362263,21.74242402882961,MIXTA,RUPTURA + CONTINUACIÓN
EURUSD,5m,2026-09-25T03:50:00+00:00,2026-09-25T15:58:00+00:00,2026-09-25T16:03:00+00:00,PUT,1.13923,1.14107,LOSS,8.5,36.973599490143464,27.83878547982769,LH + LL,CONFLUENCIA BAJISTA
EURUSD,5m,2026-09-25T04:00:00+00:00,2026-09-25T15:58:00+00:00,2026-09-25T16:03:00+00:00,PUT,1.13923,1.14107,LOSS,8.5,38.02594679323507,29.1682952687289,LH + LL,CONFLUENCIA BAJISTA
EURUSD,5m,2026-09-25T04:10:00+00:00,2026-09-25T15:58:00+00:00,2026-09-25T16:03:00+00:00,PUT,1.13923,1.14107,LOSS,7.75,42.18520159959042,27.564727762064745,LH + LL,CONFLUENCIA BAJISTA
EURUSD,5m,2026-09-25T04:15:00+00:00,2026-09-25T15:58:00+00:00,2026-09-25T16:03:00+00:00,PUT,1.13923,1.14107,LOSS,7.0,40.61497258039211,27.12317942961652,LH + LL,CONFLUENCIA BAJISTA
EURUSD,5m,2026-09-25T04:25:00+00:00,2026-09-25T15:58:00+00:00,2026-09-25T16:03:00+00:00,PUT,1.13923,1.14107,LOSS,7.0,42.043940692773454,26.97363044590001,LH + LL,CONFLUENCIA BAJISTA
EURUSD,5m,2026-09-25T04:55:00+00:00,2026-09-25T15:58:00+00:00,2026-09-25T16:03:00+00:00,PUT,1.13923,1.14107,LOSS,8.5,47.722747364926256,23.410172983960088,MIXTA,TENDENCIA + PULLBACK
EURUSD,5m,2026-09-25T05:05:00+00:00,2026-09-25T15:58:00+00:00,2026-09-25T16:03:00+00:00,CALL,1.13923,1.14107,WIN,8.75,57.39557840676695,21.477791772952163,HH + HL,RUPTURA + CONTINUACIÓN
EURUSD,5m,2026-09-25T05:10:00+00:00,2026-09-25T15:58:00+00:00,2026-09-25T16:03:00+00:00,CALL,1.13923,1.14107,WIN,8.75,60.84494281056855,20.567137943714165,HH + HL,RUPTURA + CONTINUACIÓN
EURUSD,5m,2026-09-25T05:15:00+00:00,2026-09-25T15:58:00+00:00,2026-09-25T16:03:00+00:00,CALL,1.13923,1.14107,WIN,8.0,60.26114300965339,20.52539923601119,HH + HL,RUPTURA + CONTINUACIÓN
EURUSD,5m,2026-09-25T05:20:00+00:00,2026-09-25T15:58:00+00:00,2026-09-25T16:03:00+00:00,CALL,1.13923,1.14107,WIN,8.0,56.743196847068766,19.556648817701472,HH + HL,RUPTURA + CONTINUACIÓN
EURUSD,5m,2026-09-25T06:00:00+00:00,2026-09-25T15:58:00+00:00,2026-09-25T16:03:00+00:00,CALL,1.13923,1.14107,WIN,12.75,67.04603839586511,21.0330251643701,HH + HL,RUPTURA + CONTINUACIÓN
EURUSD,5m,2026-09-25T06:05:00+00:00,2026-09-25T15:58:00+00:00,2026-09-25T16:03:00+00:00,CALL,1.13923,1.14107,WIN,11.0,60.213053631374244,22.01332817378593,HH + HL,RUPTURA + CONTINUACIÓN
EURUSD,5m,2026-09-25T06:10:00+00:00,2026-09-25T15:58:00+00:00,2026-09-25T16:03:00+00:00,CALL,1.13923,1.14107,WIN,13.75,71.48126105554448,24.21835013211631,HH + HL,RUPTURA + CONTINUACIÓN
EURUSD,5m,2026-09-25T06:15:00+00:00,2026-09-25T15:58:00+00:00,2026-09-25T16:03:00+00:00,CALL,1.13923,1.14107,WIN,11.75,75.7306375345055,26.85847137002571,HH + HL,RUPTURA + CONTINUACIÓN
EURUSD,5m,2026-09-25T06:20:00+00:00,2026-09-25T15:58:00+00:00,2026-09-25T16:03:00+00:00,CALL,1.13923,1.14107,WIN,10.0,77.5869016175956,29.579061496878914,HH + HL,RUPTURA + CONTINUACIÓN
EURUSD,5m,2026-09-25T06:25:00+00:00,2026-09-25T15:58:00+00:00,2026-09-25T16:03:00+00:00,CALL,1.13923,1.14107,WIN,10.0,71.00699495689034,32.10532375752831,HH + HL,RUPTURA + CONTINUACIÓN
EURUSD,5m,2026-09-25T06:30:00+00:00,2026-09-25T15:58:00+00:00,2026-09-25T16:03:00+00:00,CALL,1.13923,1.14107,WIN,7.5,69.25014688820038,33.45187903408433,HH + HL,CONFLUENCIA ALCISTA
EURUSD,5m,2026-09-25T06:35:00+00:00,2026-09-25T15:58:00+00:00,2026-09-25T16:03:00+00:00,CALL,1.13923,1.14107,WIN,8.5,66.08082940877846,33.859240712914264,HH + HL,CONFLUENCIA ALCISTA
EURUSD,5m,2026-09-25T06:40:00+00:00,2026-09-25T15:58:00+00:00,2026-09-25T16:03:00+00:00,CALL,1.13923,1.14107,WIN,10.25,68.65559945663753,34.3738301197684,HH + HL,ENGULFING ALCISTA
EURUSD,5m,2026-09-25T07:00:00+00:00,2026-09-25T15:58:00+00:00,2026-09-25T16:03:00+00:00,CALL,1.13923,1.14107,WIN,8.5,55.02486057695118,35.58296485748205,HH + HL,CONFLUENCIA ALCISTA
EURUSD,5m,2026-09-25T07:05:00+00:00,2026-09-25T15:58:00+00:00,2026-09-25T16:03:00+00:00,CALL,1.13923,1.14107,WIN,8.5,56.40339326323928,34.429138502734624,HH + HL,TENDENCIA + PULLBACK
EURUSD,5m,2026-09-25T07:10:00+00:00,2026-09-25T15:58:00+00:00,2026-09-25T16:03:00+00:00,CALL,1.13923,1.14107,WIN,8.5,58.241265424354616,33.05567606079383,HH + HL,RECHAZO ALCISTA
EURUSD,5m,2026-09-25T07:25:00+00:00,2026-09-25T15:58:00+00:00,2026-09-25T16:03:00+00:00,CALL,1.13923,1.14107,WIN,7.5,51.2429987106534,28.809497953355695,HH + HL,TENDENCIA + PULLBACK
EURUSD,5m,2026-09-25T07:30:00+00:00,2026-09-25T15:58:00+00:00,2026-09-25T16:03:00+00:00,CALL,1.13923,1.14107,WIN,7.0,57.334665378190415,28.44886750790662,HH + HL,CONFLUENCIA ALCISTA
EURUSD,5m,2026-09-25T08:05:00+00:00,2026-09-25T15:58:00+00:00,2026-09-25T16:03:00+00:00,CALL,1.13923,1.14107,WIN,11.75,67.13405288182702,33.154000970280755,MIXTA,RUPTURA + CONTINUACIÓN
EURUSD,5m,2026-09-25T08:10:00+00:00,2026-09-25T15:58:00+00:00,2026-09-25T16:03:00+00:00,CALL,1.13923,1.14107,WIN,8.75,69.71748101460621,34.604988579211074,MIXTA,RUPTURA + CONTINUACIÓN
EURUSD,5m,2026-09-25T08:20:00+00:00,2026-09-25T15:58:00+00:00,2026-09-25T16:03:00+00:00,CALL,1.13923,1.14107,WIN,9.0,63.79262592212171,36.71834862749639,MIXTA,RUPTURA + CONTINUACIÓN
EURUSD,5m,2026-09-25T09:00:00+00:00,2026-09-25T15:58:00+00:00,2026-09-25T16:03:00+00:00,CALL,1.13923,1.14107,WIN,7.0,58.82051091245482,35.38184654040971,HH + HL,CONFLUENCIA ALCISTA
EURUSD,5m,2026-09-25T09:25:00+00:00,2026-09-25T15:58:00+00:00,2026-09-25T16:03:00+00:00,PUT,1.13923,1.14107,LOSS,9.25,49.19400013990183,28.637039129353496,HH + HL,TENDENCIA + PULLBACK
EURUSD,5m,2026-09-25T09:30:00+00:00,2026-09-25T15:58:00+00:00,2026-09-25T16:03:00+00:00,CALL,1.13923,1.14107,WIN,9.25,54.844538638745654,27.16022822563486,HH + HL,TENDENCIA + PULLBACK
EURUSD,5m,2026-09-25T09:35:00+00:00,2026-09-25T15:58:00+00:00,2026-09-25T16:03:00+00:00,CALL,1.13923,1.14107,WIN,7.0,53.06492745988112,25.594054527167,HH + HL,CONFLUENCIA ALCISTA
EURUSD,5m,2026-09-25T10:05:00+00:00,2026-09-25T15:58:00+00:00,2026-09-25T16:03:00+00:00,CALL,1.13923,1.14107,WIN,9.75,69.07889522544637,21.370491152587675,MIXTA,RUPTURA + CONTINUACIÓN
EURUSD,5m,2026-09-25T10:10:00+00:00,2026-09-25T15:58:00+00:00,2026-09-25T16:03:00+00:00,CALL,1.13923,1.14107,WIN,8.0,69.63116271066491,21.946294424874004,MIXTA,RUPTURA + CONTINUACIÓN
EURUSD,5m,2026-09-25T10:25:00+00:00,2026-09-25T15:58:00+00:00,2026-09-25T16:03:00+00:00,CALL,1.13923,1.14107,WIN,9.0,63.42935868582187,24.199108802904174,MIXTA,RUPTURA + CONTINUACIÓN
EURUSD,5m,2026-09-25T10:30:00+00:00,2026-09-25T15:58:00+00:00,2026-09-25T16:03:00+00:00,CALL,1.13923,1.14107,WIN,8.0,63.8111346096218,24.328568234661553,MIXTA,RECHAZO ALCISTA
EURUSD,5m,2026-09-25T10:40:00+00:00,2026-09-25T15:58:00+00:00,2026-09-25T16:03:00+00:00,CALL,1.13923,1.14107,WIN,8.5,62.02890253146379,23.083500334670795,MIXTA,ENGULFING ALCISTA
EURUSD,5m,2026-09-25T10:50:00+00:00,2026-09-25T15:58:00+00:00,2026-09-25T16:03:00+00:00,CALL,1.13923,1.14107,WIN,11.25,61.70276754780947,22.228886382861297,HH + HL,ENGULFING ALCISTA
EURUSD,5m,2026-09-25T10:55:00+00:00,2026-09-25T15:58:00+00:00,2026-09-25T16:03:00+00:00,CALL,1.13923,1.14107,WIN,7.0,59.87793073680102,22.113633007149847,HH + HL,CONFLUENCIA ALCISTA
EURUSD,5m,2026-09-25T11:00:00+00:00,2026-09-25T15:58:00+00:00,2026-09-25T16:03:00+00:00,CALL,1.13923,1.14107,WIN,13.75,68.15974429061664,23.368834917546383,HH + HL,RUPTURA + CONTINUACIÓN
EURUSD,5m,2026-09-25T11:05:00+00:00,2026-09-25T15:58:00+00:00,2026-09-25T16:03:00+00:00,CALL,1.13923,1.14107,WIN,11.75,73.75558648968695,25.674014182349445,HH + HL,RUPTURA + CONTINUACIÓN
EURUSD,5m,2026-09-25T11:25:00+00:00,2026-09-25T15:58:00+00:00,2026-09-25T16:03:00+00:00,CALL,1.13923,1.14107,WIN,8.5,66.34736001113731,33.25699358323665,HH + HL,CONFLUENCIA ALCISTA
EURUSD,5m,2026-09-25T11:30:00+00:00,2026-09-25T15:58:00+00:00,2026-09-25T16:03:00+00:00,CALL,1.13923,1.14107,WIN,8.5,67.64193099172707,34.380162222481665,HH + HL,CONFLUENCIA ALCISTA
EURUSD,5m,2026-09-25T11:35:00+00:00,2026-09-25T15:58:00+00:00,2026-09-25T16:03:00+00:00,CALL,1.13923,1.14107,WIN,8.5,58.25636758175128,35.42310453035204,HH + HL,CONFLUENCIA ALCISTA
EURUSD,5m,2026-09-25T11:40:00+00:00,2026-09-25T15:58:00+00:00,2026-09-25T16:03:00+00:00,CALL,1.13923,1.14107,WIN,8.5,60.76874265873861,36.24779071528936,HH + HL,CONFLUENCIA ALCISTA
EURUSD,5m,2026-09-25T11:45:00+00:00,2026-09-25T15:58:00+00:00,2026-09-25T16:03:00+00:00,CALL,1.13923,1.14107,WIN,7.0,59.48358965201358,36.57455040289226,HH + HL,CONFLUENCIA ALCISTA
EURUSD,5m,2026-09-25T11:50:00+00:00,2026-09-25T15:58:00+00:00,2026-09-25T16:03:00+00:00,CALL,1.13923,1.14107,WIN,7.0,60.02978376824664,37.145456817776385,HH + HL,CONFLUENCIA ALCISTA
EURUSD,5m,2026-09-25T12:15:00+00:00,2026-09-25T15:58:00+00:00,2026-09-25T16:03:00+00:00,CALL,1.13923,1.14107,WIN,7.25,52.89370657866099,31.720055292500266,MIXTA,TENDENCIA + PULLBACK
EURUSD,5m,2026-09-25T12:35:00+00:00,2026-09-25T15:58:00+00:00,2026-09-25T16:03:00+00:00,CALL,1.13923,1.14107,WIN,7.0,52.4162790608704,31.09604952135465,HH + HL,CONFLUENCIA ALCISTA
EURUSD,5m,2026-09-25T12:50:00+00:00,2026-09-25T15:58:00+00:00,2026-09-25T16:03:00+00:00,CALL,1.13923,1.14107,WIN,8.5,51.44672336152096,25.39511854112987,HH + HL,TENDENCIA + PULLBACK
EURUSD,5m,2026-09-25T13:05:00+00:00,2026-09-25T15:58:00+00:00,2026-09-25T16:03:00+00:00,CALL,1.13923,1.14107,WIN,10.25,59.879889573700076,22.15083029246114,LH + LL,RUPTURA + CONTINUACIÓN
EURUSD,5m,2026-09-25T13:10:00+00:00,2026-09-25T15:58:00+00:00,2026-09-25T16:03:00+00:00,CALL,1.13923,1.14107,WIN,7.5,56.974647783198776,21.88227349541729,MIXTA,RUPTURA + CONTINUACIÓN
EURUSD,5m,2026-09-25T13:15:00+00:00,2026-09-25T15:58:00+00:00,2026-09-25T16:03:00+00:00,CALL,1.13923,1.14107,WIN,7.5,55.524082202918095,20.507542155298466,MIXTA,RUPTURA + CONTINUACIÓN
EURUSD,5m,2026-09-25T13:20:00+00:00,2026-09-25T15:58:00+00:00,2026-09-25T16:03:00+00:00,PUT,1.13923,1.14107,LOSS,8.75,44.371899777871455,20.33728181557177,HH + HL,RUPTURA + CONTINUACIÓN
EURUSD,5m,2026-09-25T13:45:00+00:00,2026-09-25T15:58:00+00:00,2026-09-25T16:03:00+00:00,CALL,1.13923,1.14107,WIN,8.0,52.09490127985971,16.467934419160773,MIXTA,TENDENCIA + PULLBACK
EURUSD,5m,2026-09-25T14:15:00+00:00,2026-09-25T15:58:00+00:00,2026-09-25T16:03:00+00:00,PUT,1.13923,1.14107,LOSS,7.5,50.025118220655514,14.23500977001584,LH + LL,TENDENCIA + PULLBACK
EURUSD,5m,2026-09-25T14:45:00+00:00,2026-09-25T15:58:00+00:00,2026-09-25T16:03:00+00:00,CALL,1.13923,1.14107,WIN,8.25,50.93040861330271,18.575819819196774,LH + LL,TENDENCIA + PULLBACK
EURUSD,5m,2026-09-25T15:05:00+00:00,2026-09-25T15:58:00+00:00,2026-09-25T16:03:00+00:00,PUT,1.13923,1.14107,LOSS,8.75,40.71040598711562,18.394442008151465,HH + HL,RUPTURA + CONTINUACIÓN
EURUSD,5m,2026-09-25T15:35:00+00:00,2026-09-25T15:58:00+00:00,2026-09-25T16:03:00+00:00,PUT,1.13923,1.14107,LOSS,13.75,36.18884992595616,19.687675199054777,HH + HL,RUPTURA + CONTINUACIÓN
EURUSD,5m,2026-09-25T15:40:00+00:00,2026-09-25T15:58:00+00:00,2026-09-25T16:03:00+00:00,PUT,1.13923,1.14107,LOSS,9.0,34.943622718977906,20.768772409292307,MIXTA,RUPTURA + CONTINUACIÓN
EURUSD,5m,2026-09-25T15:45:00+00:00,2026-09-25T15:58:00+00:00,2026-09-25T16:03:00+00:00,PUT,1.13923,1.14107,LOSS,8.75,31.80115958562115,22.217892989858544,MIXTA,RUPTURA + CONTINUACIÓN
EURUSD,5m,2026-09-25T16:00:00+00:00,2026-09-25T16:01:00+00:00,2026-09-25T16:06:00+00:00,CALL,1.14034,1.14084,WIN,8.75,63.73472207080071,22.775918956976707,LH + LL,RUPTURA + CONTINUACIÓN
EURUSD,5m,2026-09-25T16:30:00+00:00,2026-09-25T16:31:00+00:00,2026-09-25T16:36:00+00:00,PUT,1.13982,1.13939,WIN,8.5,43.78956012619932,20.06740607148214,MIXTA,ENGULFING BAJISTA
EURUSD,5m,2026-09-25T17:00:00+00:00,2026-09-25T17:01:00+00:00,2026-09-25T17:06:00+00:00,PUT,1.1392,1.13926,LOSS,11.0,40.05971725333568,20.260516171130156,HH + HL,RUPTURA + CONTINUACIÓN
EURUSD,5m,2026-09-25T17:05:00+00:00,2026-09-25T17:06:00+00:00,2026-09-25T17:11:00+00:00,PUT,1.13911,1.13908,WIN,9.0,40.826220700707125,20.860789069552965,HH + HL,RUPTURA + CONTINUACIÓN
EURUSD,5m,2026-09-25T17:10:00+00:00,2026-09-25T17:11:00+00:00,2026-09-25T17:16:00+00:00,PUT,1.13899,1.13901,LOSS,11.0,39.73188841721591,21.418185332374147,MIXTA,RUPTURA + CONTINUACIÓN
EURUSD,5m,2026-09-25T17:15:00+00:00,2026-09-25T17:16:00+00:00,2026-09-25T17:21:00+00:00,PUT,1.13896,1.13896,TIE,9.0,38.88992526058361,22.085686451441866,MIXTA,RUPTURA + CONTINUACIÓN
EURUSD,5m,2026-09-25T17:20:00+00:00,2026-09-25T17:21:00+00:00,2026-09-25T17:26:00+00:00,PUT,1.13899,1.13899,TIE,9.0,39.57936114024651,22.705508919147608,MIXTA,RUPTURA + CONTINUACIÓN
EURUSD,5m,2026-09-25T17:25:00+00:00,2026-09-25T17:26:00+00:00,2026-09-25T17:31:00+00:00,PUT,1.13901,1.13903,LOSS,11.25,38.48824582239872,23.39872938552705,LH + LL,ENGULFING BAJISTA
EURUSD,5m,2026-09-25T17:30:00+00:00,2026-09-25T17:31:00+00:00,2026-09-25T17:36:00+00:00,PUT,1.139,1.13883,WIN,8.5,40.2617771129379,23.284483460918945,LH + LL,CONFLUENCIA BAJISTA
EURUSD,5m,2026-09-25T17:35:00+00:00,2026-09-25T17:36:00+00:00,2026-09-25T17:41:00+00:00,PUT,1.13888,1.13907,LOSS,8.5,39.90773537363312,23.69326691872222,LH + LL,CONFLUENCIA BAJISTA
EURUSD,5m,2026-09-25T17:40:00+00:00,2026-09-25T17:41:00+00:00,2026-09-25T17:46:00+00:00,PUT,1.13893,1.13901,LOSS,8.5,45.10613889122097,23.595803629835313,LH + LL,CONFLUENCIA BAJISTA
EURUSD,5m,2026-09-25T17:45:00+00:00,2026-09-25T17:46:00+00:00,2026-09-25T17:51:00+00:00,PUT,1.13907,1.13906,WIN,8.5,43.29125522412746,23.505302004440328,LH + LL,CONFLUENCIA BAJISTA
EURUSD,5m,2026-09-25T17:55:00+00:00,2026-09-25T17:56:00+00:00,2026-09-25T18:01:00+00:00,PUT,1.13923,1.13912,WIN,8.5,44.63820277071852,22.934266884914972,LH + LL,TENDENCIA + PULLBACK
EURUSD,5m,2026-09-25T18:00:00+00:00,2026-09-25T18:01:00+00:00,2026-09-25T18:06:00+00:00,PUT,1.13916,1.13901,WIN,8.5,43.53256963190937,22.655414179131018,LH + LL,TENDENCIA + PULLBACK
EURUSD,5m,2026-09-25T18:10:00+00:00,2026-09-25T18:11:00+00:00,2026-09-25T18:16:00+00:00,PUT,1.1392,1.13927,LOSS,7.0,47.71641516486886,22.52345612964232,LH + LL,CONFLUENCIA BAJISTA
EURUSD,5m,2026-09-25T18:15:00+00:00,2026-09-25T18:16:00+00:00,2026-09-25T18:21:00+00:00,CALL,1.13926,1.13919,LOSS,7.0,48.59978370014918,21.89835812678984,MIXTA,TENDENCIA + PULLBACK
EURUSD,5m,2026-09-25T18:25:00+00:00,2026-09-25T18:26:00+00:00,2026-09-25T18:31:00+00:00,CALL,1.13946,1.1396,WIN,7.5,54.33127704517887,19.68493354165585,MIXTA,RUPTURA + CONTINUACIÓN
EURUSD,5m,2026-09-25T18:30:00+00:00,2026-09-25T18:31:00+00:00,2026-09-25T18:36:00+00:00,CALL,1.13956,1.13992,WIN,7.75,62.9083830108047,19.707136375785325,MIXTA,RUPTURA + CONTINUACIÓN
EURUSD,5m,2026-09-25T18:40:00+00:00,2026-09-25T18:41:00+00:00,2026-09-25T18:46:00+00:00,CALL,1.13973,1.13992,WIN,8.0,62.552736893365086,20.059786092068176,MIXTA,RUPTURA + CONTINUACIÓN
EURUSD,5m,2026-09-25T19:00:00+00:00,2026-09-25T19:01:00+00:00,2026-09-25T19:06:00+00:00,CALL,1.13993,1.13988,LOSS,7.5,55.043384538222696,19.91175273767493,HH + HL,CONFLUENCIA ALCISTA
EURUSD,5m,2026-09-25T19:30:00+00:00,2026-09-25T19:31:00+00:00,2026-09-25T19:36:00+00:00,CALL,1.13981,1.13988,WIN,8.5,55.287529429771155,14.713354351445448,HH + HL,TENDENCIA + PULLBACK
EURUSD,5m,2026-09-25T19:45:00+00:00,2026-09-25T19:46:00+00:00,2026-09-25T19:51:00+00:00,CALL,1.13981,1.13976,LOSS,7.0,53.44933748606563,13.08582502590444,HH + HL,TENDENCIA + PULLBACK
EURUSD,5m,2026-09-25T19:50:00+00:00,2026-09-25T19:51:00+00:00,2026-09-25T19:56:00+00:00,PUT,1.13977,1.13961,WIN,7.25,50.58405553859407,12.351082378112485,HH + HL,TENDENCIA + PULLBACK
EURUSD,5m,2026-09-25T19:55:00+00:00,2026-09-25T19:56:00+00:00,2026-09-25T20:01:00+00:00,PUT,1.13969,1.13959,WIN,7.25,44.83244311845528,12.447470285375754,HH + HL,RUPTURA + CONTINUACIÓN
EURUSD,5m,2026-09-25T20:05:00+00:00,2026-09-25T20:06:00+00:00,2026-09-25T20:11:00+00:00,PUT,1.13953,1.13941,WIN,8.25,41.78455428332847,13.121488722503907,HH + HL,RUPTURA + CONTINUACIÓN
EURUSD,5m,2026-09-25T20:10:00+00:00,2026-09-25T20:11:00+00:00,2026-09-25T20:16:00+00:00,PUT,1.13936,1.1394,LOSS,7.5,41.067180676296594,13.861115816228274,HH + HL,RUPTURA + CONTINUACIÓN
EURUSD,5m,2026-09-25T20:20:00+00:00,2026-09-25T20:21:00+00:00,2026-09-25T20:26:00+00:00,PUT,1.13945,1.13935,WIN,7.5,44.58734894226315,14.799597541254826,HH + HL,RUPTURA + CONTINUACIÓN
EURUSD,5m,2026-09-25T20:25:00+00:00,2026-09-25T20:26:00+00:00,2026-09-25T20:31:00+00:00,PUT,1.1394,1.13928,WIN,12.75,39.072822702877836,15.887273012047386,HH + HL,RUPTURA + CONTINUACIÓN
EURUSD,5m,2026-09-25T20:35:00+00:00,2026-09-25T20:36:00+00:00,2026-09-25T20:41:00+00:00,PUT,1.13943,1.13945,LOSS,7.0,46.27755590427228,16.946104623865047,MIXTA,RECHAZO BAJISTA
EURUSD,15m,2026-09-24T11:45:00+00:00,2026-09-25T15:58:00+00:00,2026-09-25T16:13:00+00:00,PUT,1.13923,1.14067,LOSS,9.25,38.208178254100375,21.292670746374558,LH + LL,CONFLUENCIA BAJISTA
EURUSD,15m,2026-09-24T12:00:00+00:00,2026-09-25T15:58:00+00:00,2026-09-25T16:13:00+00:00,PUT,1.13923,1.14067,LOSS,8.5,37.4301338821496,22.054569208717574,LH + LL,CONFLUENCIA BAJISTA
EURUSD,15m,2026-09-24T12:15:00+00:00,2026-09-25T15:58:00+00:00,2026-09-25T16:13:00+00:00,PUT,1.13923,1.14067,LOSS,8.5,39.42279394027467,22.093410264683598,LH + LL,CONFLUENCIA BAJISTA
EURUSD,15m,2026-09-24T12:30:00+00:00,2026-09-25T15:58:00+00:00,2026-09-25T16:13:00+00:00,PUT,1.13923,1.14067,LOSS,8.5,38.64955456660942,22.635924300084593,LH + LL,CONFLUENCIA BAJISTA
EURUSD,15m,2026-09-24T12:45:00+00:00,2026-09-25T15:58:00+00:00,2026-09-25T16:13:00+00:00,PUT,1.13923,1.14067,LOSS,8.5,47.787627591105704,21.99849553298689,LH + LL,CONFLUENCIA BAJISTA
EURUSD,15m,2026-09-24T13:00:00+00:00,2026-09-25T15:58:00+00:00,2026-09-25T16:13:00+00:00,PUT,1.13923,1.14067,LOSS,8.0,45.88415094547457,20.73370980633958,MIXTA,TENDENCIA + PULLBACK
EURUSD,15m,2026-09-24T13:15:00+00:00,2026-09-25T15:58:00+00:00,2026-09-25T16:13:00+00:00,PUT,1.13923,1.14067,LOSS,10.75,33.80131014569848,21.061346628218267,MIXTA,RUPTURA + CONTINUACIÓN
EURUSD,15m,2026-09-24T16:30:00+00:00,2026-09-25T15:58:00+00:00,2026-09-25T16:13:00+00:00,CALL,1.13923,1.14067,WIN,8.0,58.81392868352554,17.851600302703268,HH + HL,RUPTURA + CONTINUACIÓN
EURUSD,15m,2026-09-24T17:15:00+00:00,2026-09-25T15:58:00+00:00,2026-09-25T16:13:00+00:00,PUT,1.13923,1.14067,LOSS,10.25,46.87935319844351,18.29293240404585,HH + HL,TENDENCIA + PULLBACK
EURUSD,15m,2026-09-24T17:45:00+00:00,2026-09-25T15:58:00+00:00,2026-09-25T16:13:00+00:00,PUT,1.13923,1.14067,LOSS,7.5,43.755268733139424,16.396054204002194,HH + HL,CONFLUENCIA BAJISTA
EURUSD,15m,2026-09-24T18:30:00+00:00,2026-09-25T15:58:00+00:00,2026-09-25T16:13:00+00:00,PUT,1.13923,1.14067,LOSS,7.0,47.36343212674194,15.407628998493676,MIXTA,TENDENCIA + PULLBACK
EURUSD,15m,2026-09-24T19:45:00+00:00,2026-09-25T15:58:00+00:00,2026-09-25T16:13:00+00:00,CALL,1.13923,1.14067,WIN,9.0,53.9080657825173,11.934248134163914,LH + LL,TENDENCIA + PULLBACK
EURUSD,15m,2026-09-24T20:00:00+00:00,2026-09-25T15:58:00+00:00,2026-09-25T16:13:00+00:00,PUT,1.13923,1.14067,LOSS,7.75,51.300790378828275,11.463700373499696,LH + LL,TENDENCIA + PULLBACK
EURUSD,15m,2026-09-24T22:15:00+00:00,2026-09-25T15:58:00+00:00,2026-09-25T16:13:00+00:00,CALL,1.13923,1.14067,WIN,7.25,53.72402311312449,9.651266097592865,MIXTA,TENDENCIA + PULLBACK
EURUSD,15m,2026-09-24T23:15:00+00:00,2026-09-25T15:58:00+00:00,2026-09-25T16:13:00+00:00,CALL,1.13923,1.14067,WIN,8.0,53.17833315955748,7.641088222596509,MIXTA,TENDENCIA + PULLBACK
EURUSD,15m,2026-09-25T00:00:00+00:00,2026-09-25T15:58:00+00:00,2026-09-25T16:13:00+00:00,PUT,1.13923,1.14067,LOSS,7.0,44.39296867893918,8.202632228201463,MIXTA,RUPTURA + CONTINUACIÓN
EURUSD,15m,2026-09-25T00:30:00+00:00,2026-09-25T15:58:00+00:00,2026-09-25T16:13:00+00:00,PUT,1.13923,1.14067,LOSS,7.5,41.60647370497522,10.3368437832268,MIXTA,RUPTURA + CONTINUACIÓN
EURUSD,15m,2026-09-25T01:00:00+00:00,2026-09-25T15:58:00+00:00,2026-09-25T16:13:00+00:00,CALL,1.13923,1.14067,WIN,8.25,61.929959774253646,10.73405898518322,MIXTA,RUPTURA + CONTINUACIÓN
EURUSD,15m,2026-09-25T02:30:00+00:00,2026-09-25T15:58:00+00:00,2026-09-25T16:13:00+00:00,CALL,1.13923,1.14067,WIN,8.0,52.29950803342935,11.4671215029565,MIXTA,TENDENCIA + PULLBACK
EURUSD,15m,2026-09-25T03:00:00+00:00,2026-09-25T15:58:00+00:00,2026-09-25T16:13:00+00:00,PUT,1.13923,1.14067,LOSS,8.25,39.85337090310991,10.893332538264474,MIXTA,RUPTURA + CONTINUACIÓN
EURUSD,15m,2026-09-25T03:15:00+00:00,2026-09-25T15:58:00+00:00,2026-09-25T16:13:00+00:00,PUT,1.13923,1.14067,LOSS,9.0,39.577369529223894,11.034074473463987,MIXTA,RUPTURA + CONTINUACIÓN
EURUSD,15m,2026-09-25T04:45:00+00:00,2026-09-25T15:58:00+00:00,2026-09-25T16:13:00+00:00,PUT,1.13923,1.14067,LOSS,7.0,43.47067577474856,10.34009818199677,LH + LL,CONFLUENCIA BAJISTA
EURUSD,15m,2026-09-25T05:30:00+00:00,2026-09-25T15:58:00+00:00,2026-09-25T16:13:00+00:00,CALL,1.13923,1.14067,WIN,9.25,54.63703989634416,11.10525654580351,LH + LL,RUPTURA + CONTINUACIÓN
EURUSD,15m,2026-09-25T05:45:00+00:00,2026-09-25T15:58:00+00:00,2026-09-25T16:13:00+00:00,CALL,1.13923,1.14067,WIN,7.0,54.85177180612908,11.834244260081936,LH + LL,RUPTURA + CONTINUACIÓN
EURUSD,15m,2026-09-25T06:15:00+00:00,2026-09-25T15:58:00+00:00,2026-09-25T16:13:00+00:00,CALL,1.13923,1.14067,WIN,9.0,69.39660532329512,16.774107602511368,LH + LL,RUPTURA + CONTINUACIÓN
EURUSD,15m,2026-09-25T07:00:00+00:00,2026-09-25T15:58:00+00:00,2026-09-25T16:13:00+00:00,CALL,1.13923,1.14067,WIN,9.0,62.72956090413691,23.749712282484673,LH + LL,RUPTURA + CONTINUACIÓN
EURUSD,15m,2026-09-25T07:30:00+00:00,2026-09-25T15:58:00+00:00,2026-09-25T16:13:00+00:00,CALL,1.13923,1.14067,WIN,8.25,64.67339623299905,25.61700453983396,MIXTA,CONFLUENCIA ALCISTA
EURUSD,15m,2026-09-25T08:00:00+00:00,2026-09-25T15:58:00+00:00,2026-09-25T16:13:00+00:00,CALL,1.13923,1.14067,WIN,10.0,71.98643917519966,29.18331813082768,HH + HL,RUPTURA + CONTINUACIÓN
EURUSD,15m,2026-09-25T08:15:00+00:00,2026-09-25T15:58:00+00:00,2026-09-25T16:13:00+00:00,CALL,1.13923,1.14067,WIN,8.5,64.6561385269333,31.00588201429709,HH + HL,CONFLUENCIA ALCISTA
EURUSD,15m,2026-09-25T08:30:00+00:00,2026-09-25T15:58:00+00:00,2026-09-25T16:13:00+00:00,CALL,1.13923,1.14067,WIN,8.5,64.76976835793928,32.30502977393413,HH + HL,CONFLUENCIA ALCISTA
EURUSD,15m,2026-09-25T09:15:00+00:00,2026-09-25T15:58:00+00:00,2026-09-25T16:13:00+00:00,CALL,1.13923,1.14067,WIN,8.5,59.17974809832043,35.83812329991331,HH + HL,CONFLUENCIA ALCISTA
EURUSD,15m,2026-09-25T09:30:00+00:00,2026-09-25T15:58:00+00:00,2026-09-25T16:13:00+00:00,CALL,1.13923,1.14067,WIN,8.5,60.08464674413661,36.72127648834966,HH + HL,CONFLUENCIA ALCISTA
EURUSD,15m,2026-09-25T10:00:00+00:00,2026-09-25T15:58:00+00:00,2026-09-25T16:13:00+00:00,CALL,1.13923,1.14067,WIN,11.75,70.53535019344099,37.771845722624434,HH + HL,RUPTURA + CONTINUACIÓN
EURUSD,15m,2026-09-25T11:00:00+00:00,2026-09-25T15:58:00+00:00,2026-09-25T16:13:00+00:00,CALL,1.13923,1.14067,WIN,11.75,76.00248408980369,40.933799547317726,HH + HL,RUPTURA + CONTINUACIÓN
EURUSD,15m,2026-09-25T11:30:00+00:00,2026-09-25T15:58:00+00:00,2026-09-25T16:13:00+00:00,CALL,1.13923,1.14067,WIN,10.0,69.73268709059298,42.661678712414854,HH + HL,RUPTURA + CONTINUACIÓN
EURUSD,15m,2026-09-25T11:45:00+00:00,2026-09-25T15:58:00+00:00,2026-09-25T16:13:00+00:00,CALL,1.13923,1.14067,WIN,11.0,64.82342878553527,42.71583745676514,HH + HL,RUPTURA + CONTINUACIÓN
EURUSD,15m,2026-09-25T12:00:00+00:00,2026-09-25T15:58:00+00:00,2026-09-25T16:13:00+00:00,CALL,1.13923,1.14067,WIN,8.5,61.76175196327097,42.12267187195209,HH + HL,CONFLUENCIA ALCISTA
EURUSD,15m,2026-09-25T12:15:00+00:00,2026-09-25T15:58:00+00:00,2026-09-25T16:13:00+00:00,CALL,1.13923,1.14067,WIN,10.5,66.73779521793435,42.080380268891965,HH + HL,ENGULFING ALCISTA
EURUSD,15m,2026-09-25T12:30:00+00:00,2026-09-25T15:58:00+00:00,2026-09-25T16:13:00+00:00,CALL,1.13923,1.14067,WIN,7.0,59.410904999742485,41.94358550256528,HH + HL,CONFLUENCIA ALCISTA
EURUSD,15m,2026-09-25T14:45:00+00:00,2026-09-25T15:58:00+00:00,2026-09-25T16:13:00+00:00,CALL,1.13923,1.14067,WIN,8.5,55.74056858376308,34.246965108816646,LH + LL,TENDENCIA + PULLBACK
EURUSD,15m,2026-09-25T15:00:00+00:00,2026-09-25T15:58:00+00:00,2026-09-25T16:13:00+00:00,PUT,1.13923,1.14067,LOSS,7.75,49.650921729764754,33.12314361401131,LH + LL,TENDENCIA + PULLBACK
EURUSD,15m,2026-09-25T15:15:00+00:00,2026-09-25T15:58:00+00:00,2026-09-25T16:13:00+00:00,PUT,1.13923,1.14067,LOSS,7.5,49.17859187422421,31.980698545616267,LH + LL,TENDENCIA + PULLBACK
EURUSD,15m,2026-09-25T15:30:00+00:00,2026-09-25T15:58:00+00:00,2026-09-25T16:13:00+00:00,PUT,1.13923,1.14067,LOSS,8.75,43.009823520460614,29.85041391047313,LH + LL,RUPTURA + CONTINUACIÓN
EURUSD,15m,2026-09-25T15:45:00+00:00,2026-09-25T15:58:00+00:00,2026-09-25T16:13:00+00:00,CALL,1.13923,1.14067,WIN,7.25,52.706805803982874,28.847813644713938,LH + LL,TENDENCIA + PULLBACK
EURUSD,15m,2026-09-25T19:00:00+00:00,2026-09-25T19:01:00+00:00,2026-09-25T19:16:00+00:00,CALL,1.13993,1.13995,WIN,9.0,55.445404241426736,17.269562029371524,HH + HL,RECHAZO ALCISTA
EURUSD,15m,2026-09-25T19:30:00+00:00,2026-09-25T19:31:00+00:00,2026-09-25T19:46:00+00:00,CALL,1.13981,1.13982,WIN,7.0,52.120984510430745,16.782114298794777,MIXTA,TENDENCIA + PULLBACK
EURUSD,30m,2026-09-23T02:30:00+00:00,2026-09-25T15:58:00+00:00,2026-09-25T16:28:00+00:00,PUT,1.13923,1.13964,LOSS,7.5,33.97150180866804,16.596864359687167,LH + LL,CONFLUENCIA BAJISTA
EURUSD,30m,2026-09-23T03:30:00+00:00,2026-09-25T15:58:00+00:00,2026-09-25T16:28:00+00:00,PUT,1.13923,1.13964,LOSS,9.75,28.268711746178354,19.574390390806936,LH + LL,RUPTURA + CONTINUACIÓN
EURUSD,30m,2026-09-23T07:30:00+00:00,2026-09-25T15:58:00+00:00,2026-09-25T16:28:00+00:00,PUT,1.13923,1.13964,LOSS,10.0,23.925788193406063,32.833969284232936,LH + LL,RUPTURA + CONTINUACIÓN
EURUSD,30m,2026-09-23T08:30:00+00:00,2026-09-25T15:58:00+00:00,2026-09-25T16:28:00+00:00,PUT,1.13923,1.13964,LOSS,11.5,24.874489446096945,36.33370591964018,LH + LL,RUPTURA + CONTINUACIÓN
EURUSD,30m,2026-09-23T09:00:00+00:00,2026-09-25T15:58:00+00:00,2026-09-25T16:28:00+00:00,PUT,1.13923,1.13964,LOSS,7.5,22.164354057299903,37.878828624380176,LH + LL,CONFLUENCIA BAJISTA
EURUSD,30m,2026-09-23T09:30:00+00:00,2026-09-25T15:58:00+00:00,2026-09-25T16:28:00+00:00,PUT,1.13923,1.13964,LOSS,10.75,18.538957251894757,39.60430333284802,LH + LL,RUPTURA + CONTINUACIÓN
EURUSD,30m,2026-09-23T10:30:00+00:00,2026-09-25T15:58:00+00:00,2026-09-25T16:28:00+00:00,PUT,1.13923,1.13964,LOSS,8.5,34.66585771109824,41.896895849664524,LH + LL,CONFLUENCIA BAJISTA
EURUSD,30m,2026-09-23T12:00:00+00:00,2026-09-25T15:58:00+00:00,2026-09-25T16:28:00+00:00,PUT,1.13923,1.13964,LOSS,10.75,25.23216908182995,42.36489924294057,LH + LL,RUPTURA + CONTINUACIÓN
EURUSD,30m,2026-09-23T12:30:00+00:00,2026-09-25T15:58:00+00:00,2026-09-25T16:28:00+00:00,PUT,1.13923,1.13964,LOSS,8.5,33.13319012232708,43.08506827796162,LH + LL,CONFLUENCIA BAJISTA
EURUSD,30m,2026-09-23T13:00:00+00:00,2026-09-25T15:58:00+00:00,2026-09-25T16:28:00+00:00,PUT,1.13923,1.13964,LOSS,7.0,41.21659963089359,42.263944384654,LH + LL,CONFLUENCIA BAJISTA
EURUSD,30m,2026-09-23T13:30:00+00:00,2026-09-25T15:58:00+00:00,2026-09-25T16:28:00+00:00,PUT,1.13923,1.13964,LOSS,11.75,29.784479262576212,42.40567420044199,LH + LL,RUPTURA + CONTINUACIÓN
EURUSD,30m,2026-09-23T14:00:00+00:00,2026-09-25T15:58:00+00:00,2026-09-25T16:28:00+00:00,PUT,1.13923,1.13964,LOSS,11.75,24.34187047380449,43.07097166422698,LH + LL,RUPTURA + CONTINUACIÓN
EURUSD,30m,2026-09-23T14:30:00+00:00,2026-09-25T15:58:00+00:00,2026-09-25T16:28:00+00:00,PUT,1.13923,1.13964,LOSS,11.0,40.669491817446406,43.35644829599403,LH + LL,RUPTURA + CONTINUACIÓN
EURUSD,30m,2026-09-23T15:00:00+00:00,2026-09-25T15:58:00+00:00,2026-09-25T16:28:00+00:00,PUT,1.13923,1.13964,LOSS,9.25,35.74939614387537,43.62153373977771,LH + LL,CONFLUENCIA BAJISTA
EURUSD,30m,2026-09-23T15:30:00+00:00,2026-09-25T15:58:00+00:00,2026-09-25T16:28:00+00:00,PUT,1.13923,1.13964,LOSS,8.5,37.064405612209356,44.16214585619881,LH + LL,CONFLUENCIA BAJISTA
EURUSD,30m,2026-09-23T16:00:00+00:00,2026-09-25T15:58:00+00:00,2026-09-25T16:28:00+00:00,PUT,1.13923,1.13964,LOSS,10.0,36.49657244771636,44.408162849820656,LH + LL,RECHAZO BAJISTA
EURUSD,30m,2026-09-23T16:30:00+00:00,2026-09-25T15:58:00+00:00,2026-09-25T16:28:00+00:00,PUT,1.13923,1.13964,LOSS,11.75,30.711724794526532,45.617198213178945,LH + LL,RUPTURA + CONTINUACIÓN
EURUSD,30m,2026-09-23T17:00:00+00:00,2026-09-25T15:58:00+00:00,2026-09-25T16:28:00+00:00,PUT,1.13923,1.13964,LOSS,10.0,29.712180039595054,46.99841327349714,LH + LL,RUPTURA + CONTINUACIÓN
EURUSD,30m,2026-09-23T17:30:00+00:00,2026-09-25T15:58:00+00:00,2026-09-25T16:28:00+00:00,PUT,1.13923,1.13964,LOSS,8.5,41.92516809383396,45.84200271285662,LH + LL,CONFLUENCIA BAJISTA
EURUSD,30m,2026-09-23T18:00:00+00:00,2026-09-25T15:58:00+00:00,2026-09-25T16:28:00+00:00,PUT,1.13923,1.13964,LOSS,9.25,37.622886481126585,44.64067524844666,LH + LL,CONFLUENCIA BAJISTA
EURUSD,30m,2026-09-23T18:30:00+00:00,2026-09-25T15:58:00+00:00,2026-09-25T16:28:00+00:00,PUT,1.13923,1.13964,LOSS,8.5,40.92036027870535,43.52515688863742,LH + LL,CONFLUENCIA BAJISTA
EURUSD,30m,2026-09-23T19:00:00+00:00,2026-09-25T15:58:00+00:00,2026-09-25T16:28:00+00:00,PUT,1.13923,1.13964,LOSS,7.0,40.505286805302745,42.2065267159217,LH + LL,CONFLUENCIA BAJISTA
EURUSD,30m,2026-09-23T19:30:00+00:00,2026-09-25T15:58:00+00:00,2026-09-25T16:28:00+00:00,PUT,1.13923,1.13964,LOSS,7.75,39.686410238841376,40.982084412685666,LH + LL,CONFLUENCIA BAJISTA
EURUSD,30m,2026-09-23T20:00:00+00:00,2026-09-25T15:58:00+00:00,2026-09-25T16:28:00+00:00,PUT,1.13923,1.13964,LOSS,7.0,39.917251553659085,39.87666223842126,LH + LL,CONFLUENCIA BAJISTA
EURUSD,30m,2026-09-23T20:30:00+00:00,2026-09-25T15:58:00+00:00,2026-09-25T16:28:00+00:00,PUT,1.13923,1.13964,LOSS,9.0,39.32295849156296,39.15792049984402,LH + LL,ENGULFING BAJISTA
EURUSD,30m,2026-09-23T21:00:00+00:00,2026-09-25T15:58:00+00:00,2026-09-25T16:28:00+00:00,PUT,1.13923,1.13964,LOSS,7.0,39.499327480584306,38.49051745687944,LH + LL,CONFLUENCIA BAJISTA
EURUSD,30m,2026-09-23T21:30:00+00:00,2026-09-25T15:58:00+00:00,2026-09-25T16:28:00+00:00,PUT,1.13923,1.13964,LOSS,8.5,38.95065922027061,37.10361802009762,MIXTA,ENGULFING BAJISTA
EURUSD,30m,2026-09-24T00:00:00+00:00,2026-09-25T15:58:00+00:00,2026-09-25T16:28:00+00:00,PUT,1.13923,1.13964,LOSS,9.5,37.538797948563634,33.45206255844886,MIXTA,RUPTURA + CONTINUACIÓN
EURUSD,30m,2026-09-24T00:30:00+00:00,2026-09-25T15:58:00+00:00,2026-09-25T16:28:00+00:00,PUT,1.13923,1.13964,LOSS,7.5,35.30240767928542,34.08759360687194,MIXTA,RUPTURA + CONTINUACIÓN
EURUSD,30m,2026-09-24T01:00:00+00:00,2026-09-25T15:58:00+00:00,2026-09-25T16:28:00+00:00,PUT,1.13923,1.13964,LOSS,7.5,38.363923103439916,33.93586282846514,MIXTA,RUPTURA + CONTINUACIÓN
EURUSD,30m,2026-09-24T01:30:00+00:00,2026-09-25T15:58:00+00:00,2026-09-25T16:28:00+00:00,PUT,1.13923,1.13964,LOSS,9.0,36.356770376884285,33.79496996280169,LH + LL,ENGULFING BAJISTA
EURUSD,30m,2026-09-24T02:00:00+00:00,2026-09-25T15:58:00+00:00,2026-09-25T16:28:00+00:00,PUT,1.13923,1.13964,LOSS,7.0,36.494390148963966,34.35782624870442,LH + LL,CONFLUENCIA BAJISTA
EURUSD,30m,2026-09-24T03:00:00+00:00,2026-09-25T15:58:00+00:00,2026-09-25T16:28:00+00:00,PUT,1.13923,1.13964,LOSS,7.75,41.78102046533609,32.01544561443779,LH + LL,CONFLUENCIA BAJISTA
EURUSD,30m,2026-09-24T03:30:00+00:00,2026-09-25T15:58:00+00:00,2026-09-25T16:28:00+00:00,PUT,1.13923,1.13964,LOSS,7.0,40.25266398578985,31.22214011108981,LH + LL,CONFLUENCIA BAJISTA
EURUSD,30m,2026-09-24T04:30:00+00:00,2026-09-25T15:58:00+00:00,2026-09-25T16:28:00+00:00,PUT,1.13923,1.13964,LOSS,7.0,47.762866579146,29.0919300682339,LH + LL,CONFLUENCIA BAJISTA
EURUSD,30m,2026-09-24T05:30:00+00:00,2026-09-25T15:58:00+00:00,2026-09-25T16:28:00+00:00,PUT,1.13923,1.13964,LOSS,8.75,40.95040930318476,26.897534380125197,MIXTA,ENGULFING BAJISTA
EURUSD,30m,2026-09-24T06:00:00+00:00,2026-09-25T15:58:00+00:00,2026-09-25T16:28:00+00:00,CALL,1.13923,1.13964,WIN,9.75,54.11038434373475,25.492004424514782,MIXTA,RUPTURA + CONTINUACIÓN
EURUSD,30m,2026-09-24T10:00:00+00:00,2026-09-25T15:58:00+00:00,2026-09-25T16:28:00+00:00,PUT,1.13923,1.13964,LOSS,10.75,34.05167077876429,21.4332419175328,MIXTA,RUPTURA + CONTINUACIÓN
EURUSD,30m,2026-09-24T10:30:00+00:00,2026-09-25T15:58:00+00:00,2026-09-25T16:28:00+00:00,PUT,1.13923,1.13964,LOSS,9.0,43.44436576708011,22.55664455809295,MIXTA,RUPTURA + CONTINUACIÓN
EURUSD,30m,2026-09-24T11:30:00+00:00,2026-09-25T15:58:00+00:00,2026-09-25T16:28:00+00:00,PUT,1.13923,1.13964,LOSS,9.25,40.24579722569147,23.834257255578986,MIXTA,ENGULFING BAJISTA
EURUSD,30m,2026-09-24T12:00:00+00:00,2026-09-25T15:58:00+00:00,2026-09-25T16:28:00+00:00,PUT,1.13923,1.13964,LOSS,8.5,40.61304863464548,24.80417018509336,LH + LL,CONFLUENCIA BAJISTA
EURUSD,30m,2026-09-24T12:30:00+00:00,2026-09-25T15:58:00+00:00,2026-09-25T16:28:00+00:00,PUT,1.13923,1.13964,LOSS,8.5,45.234682060321525,25.122838041130706,LH + LL,CONFLUENCIA BAJISTA
EURUSD,30m,2026-09-24T13:00:00+00:00,2026-09-25T15:58:00+00:00,2026-09-25T16:28:00+00:00,PUT,1.13923,1.13964,LOSS,12.75,36.774277096352655,24.829968739161135,LH + LL,RUPTURA + CONTINUACIÓN
EURUSD,30m,2026-09-24T13:30:00+00:00,2026-09-25T15:58:00+00:00,2026-09-25T16:28:00+00:00,PUT,1.13923,1.13964,LOSS,8.5,47.374206033156774,24.606030902196704,LH + LL,CONFLUENCIA BAJISTA
EURUSD,30m,2026-09-24T14:00:00+00:00,2026-09-25T15:58:00+00:00,2026-09-25T16:28:00+00:00,PUT,1.13923,1.13964,LOSS,11.5,46.593063268919735,23.6515821585348,LH + LL,TENDENCIA + PULLBACK
EURUSD,30m,2026-09-24T14:30:00+00:00,2026-09-25T15:58:00+00:00,2026-09-25T16:28:00+00:00,PUT,1.13923,1.13964,LOSS,7.0,47.38363867032415,22.765308325134463,LH + LL,CONFLUENCIA BAJISTA
EURUSD,30m,2026-09-24T15:00:00+00:00,2026-09-25T15:58:00+00:00,2026-09-25T16:28:00+00:00,PUT,1.13923,1.13964,LOSS,7.0,43.70960991640883,22.841129333140994,MIXTA,ENGULFING BAJISTA
EURUSD,30m,2026-09-24T16:00:00+00:00,2026-09-25T15:58:00+00:00,2026-09-25T16:28:00+00:00,CALL,1.13923,1.13964,WIN,7.0,54.095644051571135,22.095471803900782,HH + HL,RUPTURA + CONTINUACIÓN
EURUSD,30m,2026-09-24T17:00:00+00:00,2026-09-25T15:58:00+00:00,2026-09-25T16:28:00+00:00,PUT,1.13923,1.13964,LOSS,7.5,46.52318488773534,19.97299501080558,HH + HL,TENDENCIA + PULLBACK
EURUSD,30m,2026-09-24T20:00:00+00:00,2026-09-25T15:58:00+00:00,2026-09-25T16:28:00+00:00,PUT,1.13923,1.13964,LOSS,8.25,47.120128103068794,17.915531498668788,MIXTA,TENDENCIA + PULLBACK
EURUSD,30m,2026-09-24T21:30:00+00:00,2026-09-25T15:58:00+00:00,2026-09-25T16:28:00+00:00,PUT,1.13923,1.13964,LOSS,7.0,51.64412107978335,15.522659678421059,LH + LL,TENDENCIA + PULLBACK
EURUSD,30m,2026-09-24T22:00:00+00:00,2026-09-25T15:58:00+00:00,2026-09-25T16:28:00+00:00,PUT,1.13923,1.13964,LOSS,7.0,51.554814102834754,15.059864062822045,LH + LL,TENDENCIA + PULLBACK
EURUSD,30m,2026-09-24T23:30:00+00:00,2026-09-25T15:58:00+00:00,2026-09-25T16:28:00+00:00,PUT,1.13923,1.13964,LOSS,8.75,47.6986639197014,14.494971911528483,LH + LL,TENDENCIA + PULLBACK
EURUSD,30m,2026-09-25T00:00:00+00:00,2026-09-25T15:58:00+00:00,2026-09-25T16:28:00+00:00,PUT,1.13923,1.13964,LOSS,7.5,46.599832485316206,14.912720114502793,LH + LL,TENDENCIA + PULLBACK
EURUSD,30m,2026-09-25T02:30:00+00:00,2026-09-25T15:58:00+00:00,2026-09-25T16:28:00+00:00,PUT,1.13923,1.13964,LOSS,8.75,45.88915244551716,12.996257975052666,HH + HL,TENDENCIA + PULLBACK
EURUSD,30m,2026-09-25T03:00:00+00:00,2026-09-25T15:58:00+00:00,2026-09-25T16:28:00+00:00,PUT,1.13923,1.13964,LOSS,10.25,42.7078391995196,13.287940079865564,HH + HL,RUPTURA + CONTINUACIÓN
EURUSD,30m,2026-09-25T03:30:00+00:00,2026-09-25T15:58:00+00:00,2026-09-25T16:28:00+00:00,PUT,1.13923,1.13964,LOSS,9.0,42.601819157903435,13.67971307981153,HH + HL,RUPTURA + CONTINUACIÓN
EURUSD,30m,2026-09-25T04:00:00+00:00,2026-09-25T15:58:00+00:00,2026-09-25T16:28:00+00:00,PUT,1.13923,1.13964,LOSS,7.5,43.50797613588434,13.760166698195238,HH + HL,RUPTURA + CONTINUACIÓN
EURUSD,30m,2026-09-25T06:00:00+00:00,2026-09-25T15:58:00+00:00,2026-09-25T16:28:00+00:00,CALL,1.13923,1.13964,WIN,7.25,62.199762050169866,13.32725447824221,MIXTA,RUPTURA + CONTINUACIÓN
EURUSD,30m,2026-09-25T09:00:00+00:00,2026-09-25T15:58:00+00:00,2026-09-25T16:28:00+00:00,CALL,1.13923,1.13964,WIN,9.0,60.48538617800635,20.453744899379632,MIXTA,RUPTURA + CONTINUACIÓN
EURUSD,30m,2026-09-25T10:00:00+00:00,2026-09-25T15:58:00+00:00,2026-09-25T16:28:00+00:00,CALL,1.13923,1.13964,WIN,9.75,67.51209003153207,22.656202790872662,MIXTA,RUPTURA + CONTINUACIÓN
EURUSD,30m,2026-09-25T11:00:00+00:00,2026-09-25T15:58:00+00:00,2026-09-25T16:28:00+00:00,CALL,1.13923,1.13964,WIN,10.75,72.99388753834643,26.453344287371237,HH + HL,RUPTURA + CONTINUACIÓN
EURUSD,30m,2026-09-25T11:30:00+00:00,2026-09-25T15:58:00+00:00,2026-09-25T16:28:00+00:00,CALL,1.13923,1.13964,WIN,11.0,67.62667257585291,28.683136619300658,HH + HL,RUPTURA + CONTINUACIÓN
EURUSD,30m,2026-09-25T12:30:00+00:00,2026-09-25T15:58:00+00:00,2026-09-25T16:28:00+00:00,CALL,1.13923,1.13964,WIN,8.5,64.10421757251012,31.281571706759365,HH + HL,CONFLUENCIA ALCISTA
EURUSD,30m,2026-09-25T13:00:00+00:00,2026-09-25T15:58:00+00:00,2026-09-25T16:28:00+00:00,CALL,1.13923,1.13964,WIN,8.5,60.01311968918037,31.845062186466528,HH + HL,CONFLUENCIA ALCISTA
EURUSD,30m,2026-09-25T13:30:00+00:00,2026-09-25T15:58:00+00:00,2026-09-25T16:28:00+00:00,CALL,1.13923,1.13964,WIN,8.5,62.80885208767904,32.36830334619461,HH + HL,CONFLUENCIA ALCISTA
EURUSD,30m,2026-09-25T14:00:00+00:00,2026-09-25T15:58:00+00:00,2026-09-25T16:28:00+00:00,CALL,1.13923,1.13964,WIN,8.5,57.83233568850393,32.51512587235236,HH + HL,CONFLUENCIA ALCISTA
EURUSD,30m,2026-09-25T14:30:00+00:00,2026-09-25T15:58:00+00:00,2026-09-25T16:28:00+00:00,CALL,1.13923,1.13964,WIN,10.5,61.450594563390474,32.69408078618329,HH + HL,ENGULFING ALCISTA
EURUSD,30m,2026-09-25T15:30:00+00:00,2026-09-25T15:58:00+00:00,2026-09-25T16:28:00+00:00,CALL,1.13923,1.13964,WIN,8.5,57.7871258756279,30.184941832669303,HH + HL,RECHAZO ALCISTA
EURUSD,30m,2026-09-25T16:00:00+00:00,2026-09-25T16:01:00+00:00,2026-09-25T16:31:00+00:00,CALL,1.14034,1.13973,LOSS,7.0,56.04721134215118,29.665072819607037,HH + HL,CONFLUENCIA ALCISTA
EURUSD,30m,2026-09-25T19:00:00+00:00,2026-09-25T19:01:00+00:00,2026-09-25T19:31:00+00:00,CALL,1.13993,1.13977,LOSS,7.0,54.97619952066497,24.82760524177789,HH + HL,CONFLUENCIA ALCISTA
EURUSD,30m,2026-09-25T19:30:00+00:00,2026-09-25T19:31:00+00:00,2026-09-25T20:01:00+00:00,CALL,1.13981,1.13959,LOSS,7.0,52.099188996730234,24.464809335861226,HH + HL,CONFLUENCIA ALCISTA
EURUSD,1h,2026-09-21T10:00:00+00:00,2026-09-25T15:58:00+00:00,2026-09-25T16:58:00+00:00,CALL,1.13923,1.13934,WIN,9.0,54.14534773935263,16.751396668960755,HH + HL,TENDENCIA + PULLBACK
EURUSD,1h,2026-09-21T15:00:00+00:00,2026-09-25T15:58:00+00:00,2026-09-25T16:58:00+00:00,PUT,1.13923,1.13934,LOSS,8.0,40.879671885272444,16.896882392109443,HH + HL,RUPTURA + CONTINUACIÓN
EURUSD,1h,2026-09-21T17:00:00+00:00,2026-09-25T15:58:00+00:00,2026-09-25T16:58:00+00:00,PUT,1.13923,1.13934,LOSS,10.25,39.81806750430437,14.659752575442935,HH + HL,RUPTURA + CONTINUACIÓN
EURUSD,1h,2026-09-21T18:00:00+00:00,2026-09-25T15:58:00+00:00,2026-09-25T16:58:00+00:00,PUT,1.13923,1.13934,LOSS,9.5,38.43370907922675,14.259512212708922,HH + HL,RUPTURA + CONTINUACIÓN
EURUSD,1h,2026-09-21T19:00:00+00:00,2026-09-25T15:58:00+00:00,2026-09-25T16:58:00+00:00,PUT,1.13923,1.13934,LOSS,9.0,38.433709079226745,13.690797514250809,HH + HL,RUPTURA + CONTINUACIÓN
EURUSD,1h,2026-09-22T05:00:00+00:00,2026-09-25T15:58:00+00:00,2026-09-25T16:58:00+00:00,PUT,1.13923,1.13934,LOSS,7.75,49.53736037994501,13.476409439579468,HH + HL,TENDENCIA + PULLBACK
EURUSD,1h,2026-09-22T07:00:00+00:00,2026-09-25T15:58:00+00:00,2026-09-25T16:58:00+00:00,PUT,1.13923,1.13934,LOSS,11.25,32.54604191687913,14.545701696029392,HH + HL,RUPTURA + CONTINUACIÓN
EURUSD,1h,2026-09-22T08:00:00+00:00,2026-09-25T15:58:00+00:00,2026-09-25T16:58:00+00:00,PUT,1.13923,1.13934,LOSS,8.0,41.95909071565055,16.76792083103998,HH + HL,RUPTURA + CONTINUACIÓN
EURUSD,1h,2026-09-22T11:00:00+00:00,2026-09-25T15:58:00+00:00,2026-09-25T16:58:00+00:00,PUT,1.13923,1.13934,LOSS,8.0,45.78203038208253,20.13917842314667,MIXTA,TENDENCIA + PULLBACK
EURUSD,1h,2026-09-22T12:00:00+00:00,2026-09-25T15:58:00+00:00,2026-09-25T16:58:00+00:00,PUT,1.13923,1.13934,LOSS,8.5,42.170707187554164,21.45747354212563,LH + LL,CONFLUENCIA BAJISTA
EURUSD,1h,2026-09-22T13:00:00+00:00,2026-09-25T15:58:00+00:00,2026-09-25T16:58:00+00:00,PUT,1.13923,1.13934,LOSS,8.5,40.649013165793534,22.94281163310985,LH + LL,CONFLUENCIA BAJISTA
EURUSD,1h,2026-09-22T14:00:00+00:00,2026-09-25T15:58:00+00:00,2026-09-25T16:58:00+00:00,PUT,1.13923,1.13934,LOSS,9.25,35.135118037697,25.102118514964367,LH + LL,CONFLUENCIA BAJISTA
EURUSD,1h,2026-09-22T15:00:00+00:00,2026-09-25T15:58:00+00:00,2026-09-25T16:58:00+00:00,PUT,1.13923,1.13934,LOSS,10.75,30.252786655403767,27.546114060337057,LH + LL,RUPTURA + CONTINUACIÓN
EURUSD,1h,2026-09-22T17:00:00+00:00,2026-09-25T15:58:00+00:00,2026-09-25T16:58:00+00:00,PUT,1.13923,1.13934,LOSS,8.5,36.91386757339666,31.436903650003938,LH + LL,CONFLUENCIA BAJISTA
EURUSD,1h,2026-09-22T18:00:00+00:00,2026-09-25T15:58:00+00:00,2026-09-25T16:58:00+00:00,PUT,1.13923,1.13934,LOSS,8.5,39.05813061362007,32.616841570248745,LH + LL,CONFLUENCIA BAJISTA
EURUSD,1h,2026-09-22T19:00:00+00:00,2026-09-25T15:58:00+00:00,2026-09-25T16:58:00+00:00,PUT,1.13923,1.13934,LOSS,8.5,43.65868789479251,31.90399305902009,LH + LL,CONFLUENCIA BAJISTA
EURUSD,1h,2026-09-22T20:00:00+00:00,2026-09-25T15:58:00+00:00,2026-09-25T16:58:00+00:00,PUT,1.13923,1.13934,LOSS,8.5,44.20612711563215,31.242062298593485,LH + LL,CONFLUENCIA BAJISTA
EURUSD,1h,2026-09-22T21:00:00+00:00,2026-09-25T15:58:00+00:00,2026-09-25T16:58:00+00:00,PUT,1.13923,1.13934,LOSS,7.0,45.10871945460343,30.669996154999684,LH + LL,CONFLUENCIA BAJISTA
EURUSD,1h,2026-09-22T22:00:00+00:00,2026-09-25T15:58:00+00:00,2026-09-25T16:58:00+00:00,PUT,1.13923,1.13934,LOSS,7.75,43.062655543681664,30.223421260462974,LH + LL,CONFLUENCIA BAJISTA
EURUSD,1h,2026-09-22T23:00:00+00:00,2026-09-25T15:58:00+00:00,2026-09-25T16:58:00+00:00,PUT,1.13923,1.13934,LOSS,7.0,44.242883196539786,29.8402302337047,LH + LL,CONFLUENCIA BAJISTA
EURUSD,1h,2026-09-23T00:00:00+00:00,2026-09-25T15:58:00+00:00,2026-09-25T16:58:00+00:00,PUT,1.13923,1.13934,LOSS,7.0,43.059835489671414,29.594472056619697,LH + LL,CONFLUENCIA BAJISTA
EURUSD,1h,2026-09-23T01:00:00+00:00,2026-09-25T15:58:00+00:00,2026-09-25T16:58:00+00:00,PUT,1.13923,1.13934,LOSS,7.75,38.180870395295344,30.070143382902774,LH + LL,CONFLUENCIA BAJISTA
EURUSD,1h,2026-09-23T03:00:00+00:00,2026-09-25T15:58:00+00:00,2026-09-25T16:58:00+00:00,PUT,1.13923,1.13934,LOSS,10.75,31.330149173068037,32.14639020213495,LH + LL,RUPTURA + CONTINUACIÓN
EURUSD,1h,2026-09-23T04:00:00+00:00,2026-09-25T15:58:00+00:00,2026-09-25T16:58:00+00:00,PUT,1.13923,1.13934,LOSS,11.5,31.227998359985804,33.38897597611241,LH + LL,RUPTURA + CONTINUACIÓN
EURUSD,1h,2026-09-23T07:00:00+00:00,2026-09-25T15:58:00+00:00,2026-09-25T16:58:00+00:00,PUT,1.13923,1.13934,LOSS,10.0,26.701373605671662,37.5907323382922,LH + LL,RUPTURA + CONTINUACIÓN
EURUSD,1h,2026-09-23T09:00:00+00:00,2026-09-25T15:58:00+00:00,2026-09-25T16:58:00+00:00,PUT,1.13923,1.13934,LOSS,10.75,22.191780590024237,41.239335015197405,LH + LL,RUPTURA + CONTINUACIÓN
EURUSD,1h,2026-09-23T10:00:00+00:00,2026-09-25T15:58:00+00:00,2026-09-25T16:58:00+00:00,PUT,1.13923,1.13934,LOSS,11.0,32.02003510657623,42.95264697658198,LH + LL,RUPTURA + CONTINUACIÓN
EURUSD,1h,2026-09-23T13:00:00+00:00,2026-09-25T15:58:00+00:00,2026-09-25T16:58:00+00:00,PUT,1.13923,1.13934,LOSS,10.0,23.545583714241403,46.17561021043474,LH + LL,RUPTURA + CONTINUACIÓN
EURUSD,1h,2026-09-23T14:00:00+00:00,2026-09-25T15:58:00+00:00,2026-09-25T16:58:00+00:00,PUT,1.13923,1.13934,LOSS,10.0,29.185584600744136,47.81485874769321,LH + LL,RUPTURA + CONTINUACIÓN
EURUSD,1h,2026-09-23T15:00:00+00:00,2026-09-25T15:58:00+00:00,2026-09-25T16:58:00+00:00,PUT,1.13923,1.13934,LOSS,12.0,25.632021957622683,49.337018103718925,LH + LL,RUPTURA + CONTINUACIÓN
EURUSD,1h,2026-09-23T16:00:00+00:00,2026-09-25T15:58:00+00:00,2026-09-25T16:58:00+00:00,PUT,1.13923,1.13934,LOSS,10.75,21.018102320526495,51.166679265910794,LH + LL,RUPTURA + CONTINUACIÓN
EURUSD,1h,2026-09-23T17:00:00+00:00,2026-09-25T15:58:00+00:00,2026-09-25T16:58:00+00:00,PUT,1.13923,1.13934,LOSS,11.0,32.81786203043417,53.0230455703477,LH + LL,RUPTURA + CONTINUACIÓN
EURUSD,1h,2026-09-23T18:00:00+00:00,2026-09-25T15:58:00+00:00,2026-09-25T16:58:00+00:00,PUT,1.13923,1.13934,LOSS,10.0,31.007130077960667,54.55703228345395,LH + LL,RUPTURA + CONTINUACIÓN
EURUSD,1h,2026-09-23T19:00:00+00:00,2026-09-25T15:58:00+00:00,2026-09-25T16:58:00+00:00,PUT,1.13923,1.13934,LOSS,7.5,30.059396878798893,55.98144851705262,LH + LL,CONFLUENCIA BAJISTA
EURUSD,1h,2026-09-23T20:00:00+00:00,2026-09-25T15:58:00+00:00,2026-09-25T16:58:00+00:00,PUT,1.13923,1.13934,LOSS,9.0,29.758006297028444,57.35875687894641,LH + LL,RECHAZO BAJISTA
EURUSD,1h,2026-09-23T21:00:00+00:00,2026-09-25T15:58:00+00:00,2026-09-25T16:58:00+00:00,PUT,1.13923,1.13934,LOSS,9.0,29.47948269126914,58.48785586503303,LH + LL,RECHAZO BAJISTA
EURUSD,1h,2026-09-23T22:00:00+00:00,2026-09-25T15:58:00+00:00,2026-09-25T16:58:00+00:00,PUT,1.13923,1.13934,LOSS,7.5,31.54934623787659,59.53630492354205,LH + LL,CONFLUENCIA BAJISTA
EURUSD,1h,2026-09-23T23:00:00+00:00,2026-09-25T15:58:00+00:00,2026-09-25T16:58:00+00:00,PUT,1.13923,1.13934,LOSS,10.25,30.056405409590838,60.606697439554004,LH + LL,ENGULFING BAJISTA
EURUSD,1h,2026-09-24T02:00:00+00:00,2026-09-25T15:58:00+00:00,2026-09-25T16:58:00+00:00,PUT,1.13923,1.13934,LOSS,7.0,35.657093319219385,64.48377510452714,LH + LL,CONFLUENCIA BAJISTA
EURUSD,1h,2026-09-24T03:00:00+00:00,2026-09-25T15:58:00+00:00,2026-09-25T16:58:00+00:00,PUT,1.13923,1.13934,LOSS,7.75,32.46118855349323,65.31009751797244,LH + LL,CONFLUENCIA BAJISTA
EURUSD,1h,2026-09-24T04:00:00+00:00,2026-09-25T15:58:00+00:00,2026-09-25T16:58:00+00:00,PUT,1.13923,1.13934,LOSS,7.0,38.493736464208226,66.11452577169148,LH + LL,CONFLUENCIA BAJISTA
EURUSD,1h,2026-09-24T07:00:00+00:00,2026-09-25T15:58:00+00:00,2026-09-25T16:58:00+00:00,PUT,1.13923,1.13934,LOSS,7.0,47.52599973178048,63.39687507566008,LH + LL,CONFLUENCIA BAJISTA
EURUSD,1h,2026-09-24T08:00:00+00:00,2026-09-25T15:58:00+00:00,2026-09-25T16:58:00+00:00,PUT,1.13923,1.13934,LOSS,9.75,40.93015344501187,61.6052477520595,LH + LL,ENGULFING BAJISTA
EURUSD,1h,2026-09-24T12:00:00+00:00,2026-09-25T15:58:00+00:00,2026-09-25T16:58:00+00:00,PUT,1.13923,1.13934,LOSS,7.0,39.39875888914579,59.26069022743401,LH + LL,CONFLUENCIA BAJISTA
EURUSD,1h,2026-09-24T13:00:00+00:00,2026-09-25T15:58:00+00:00,2026-09-25T16:58:00+00:00,PUT,1.13923,1.13934,LOSS,7.0,39.39875888914579,59.10405577843056,LH + LL,CONFLUENCIA BAJISTA
EURUSD,1h,2026-09-24T14:00:00+00:00,2026-09-25T15:58:00+00:00,2026-09-25T16:58:00+00:00,PUT,1.13923,1.13934,LOSS,8.5,39.28352460492638,58.809729656507564,LH + LL,RECHAZO BAJISTA
EURUSD,1h,2026-09-24T15:00:00+00:00,2026-09-25T15:58:00+00:00,2026-09-25T16:58:00+00:00,PUT,1.13923,1.13934,LOSS,7.0,38.37692548535291,58.928401995180245,LH + LL,CONFLUENCIA BAJISTA
EURUSD,1h,2026-09-24T16:00:00+00:00,2026-09-25T15:58:00+00:00,2026-09-25T16:58:00+00:00,PUT,1.13923,1.13934,LOSS,7.0,44.28505430595313,56.26944096893964,LH + LL,CONFLUENCIA BAJISTA
EURUSD,1h,2026-09-24T18:00:00+00:00,2026-09-25T15:58:00+00:00,2026-09-25T16:58:00+00:00,PUT,1.13923,1.13934,LOSS,7.0,42.76876907560502,52.614498680386575,LH + LL,CONFLUENCIA BAJISTA
EURUSD,1h,2026-09-24T19:00:00+00:00,2026-09-25T15:58:00+00:00,2026-09-25T16:58:00+00:00,PUT,1.13923,1.13934,LOSS,7.0,45.10470154536728,50.7713415949756,LH + LL,CONFLUENCIA BAJISTA
EURUSD,1h,2026-09-24T21:00:00+00:00,2026-09-25T15:58:00+00:00,2026-09-25T16:58:00+00:00,PUT,1.13923,1.13934,LOSS,7.25,46.13871796714746,46.87133848725567,MIXTA,TENDENCIA + PULLBACK
EURUSD,1h,2026-09-24T22:00:00+00:00,2026-09-25T15:58:00+00:00,2026-09-25T16:58:00+00:00,PUT,1.13923,1.13934,LOSS,8.0,45.76774571555352,45.283433257056224,MIXTA,TENDENCIA + PULLBACK
EURUSD,1h,2026-09-24T23:00:00+00:00,2026-09-25T15:58:00+00:00,2026-09-25T16:58:00+00:00,PUT,1.13923,1.13934,LOSS,7.25,43.22277856408158,44.014722740477055,MIXTA,TENDENCIA + PULLBACK
EURUSD,1h,2026-09-25T02:00:00+00:00,2026-09-25T15:58:00+00:00,2026-09-25T16:58:00+00:00,PUT,1.13923,1.13934,LOSS,8.5,42.28722304351103,39.93546134068344,MIXTA,TENDENCIA + PULLBACK
EURUSD,1h,2026-09-25T03:00:00+00:00,2026-09-25T15:58:00+00:00,2026-09-25T16:58:00+00:00,PUT,1.13923,1.13934,LOSS,10.25,39.83478902998367,38.938963584160646,HH + HL,RUPTURA + CONTINUACIÓN
