pair,timeframe,signal_time,entry_time,expiration_time,action,score,pa_score,entry_price,expiration_price,result,payout_90,payout_91,payout_92,payout_93
EURUSD,2m,2026-09-25T17:56:00Z,2026-09-25T17:57:00Z,2026-09-25T17:59:00Z,PUT,43,32,1.13921,1.13912,WIN,0.9,0.91,0.92,0.93
EURUSD,2m,2026-09-25T17:58:00Z,2026-09-25T17:59:00Z,2026-09-25T18:01:00Z,CALL,61,28,1.13909,1.13912,WIN,0.9,0.91,0.92,0.93
EURUSD,2m,2026-09-25T18:00:00Z,2026-09-25T18:01:00Z,2026-09-25T18:03:00Z,PUT,31,20,1.13916,1.13915,WIN,0.9,0.91,0.92,0.93
EURUSD,2m,2026-09-25T18:02:00Z,2026-09-25T18:03:00Z,2026-09-25T18:05:00Z,CALL,65,32,1.13917,1.13901,LOSS,-1.0,-1.0,-1.0,-1.0
EURUSD,2m,2026-09-25T18:04:00Z,2026-09-25T18:05:00Z,2026-09-25T18:07:00Z,PUT,34,23,1.13905,1.13905,TIE,0.0,0.0,0.0,0.0
EURUSD,2m,2026-09-25T18:06:00Z,2026-09-25T18:07:00Z,2026-09-25T18:09:00Z,CALL,69,28,1.13901,1.13922,WIN,0.9,0.91,0.92,0.93
EURUSD,2m,2026-09-25T18:08:00Z,2026-09-25T18:09:00Z,2026-09-25T18:11:00Z,CALL,73,40,1.13914,1.13916,WIN,0.9,0.91,0.92,0.93
EURUSD,2m,2026-09-25T18:10:00Z,2026-09-25T18:11:00Z,2026-09-25T18:13:00Z,CALL,52,19,1.1392,1.13919,LOSS,-1.0,-1.0,-1.0,-1.0
EURUSD,2m,2026-09-25T18:14:00Z,2026-09-25T18:15:00Z,2026-09-25T18:17:00Z,CALL,88,55,1.13922,1.1392,LOSS,-1.0,-1.0,-1.0,-1.0
EURUSD,2m,2026-09-25T18:16:00Z,2026-09-25T18:17:00Z,2026-09-25T18:19:00Z,PUT,57,31,1.13927,1.13925,WIN,0.9,0.91,0.92,0.93
EURUSD,2m,2026-09-25T18:18:00Z,2026-09-25T18:19:00Z,2026-09-25T18:21:00Z,CALL,89,49,1.1392,1.13919,LOSS,-1.0,-1.0,-1.0,-1.0
EURUSD,2m,2026-09-25T18:20:00Z,2026-09-25T18:21:00Z,2026-09-25T18:23:00Z,CALL,52,19,1.13921,1.13926,WIN,0.9,0.91,0.92,0.93
EURUSD,2m,2026-09-25T18:22:00Z,2026-09-25T18:23:00Z,2026-09-25T18:25:00Z,CALL,71,31,1.13926,1.13946,WIN,0.9,0.91,0.92,0.93
EURUSD,2m,2026-09-25T18:24:00Z,2026-09-25T18:25:00Z,2026-09-25T18:27:00Z,CALL,80,40,1.13936,1.13924,LOSS,-1.0,-1.0,-1.0,-1.0
EURUSD,2m,2026-09-25T18:26:00Z,2026-09-25T18:27:00Z,2026-09-25T18:29:00Z,PUT,44,26,1.13932,1.13945,LOSS,-1.0,-1.0,-1.0,-1.0
EURUSD,2m,2026-09-25T18:28:00Z,2026-09-25T18:29:00Z,2026-09-25T18:31:00Z,CALL,80,47,1.13936,1.1396,WIN,0.9,0.91,0.92,0.93
EURUSD,2m,2026-09-25T18:30:00Z,2026-09-25T18:31:00Z,2026-09-25T18:33:00Z,CALL,69,36,1.13956,1.1397,WIN,0.9,0.91,0.92,0.93
EURUSD,2m,2026-09-25T18:32:00Z,2026-09-25T18:33:00Z,2026-09-25T18:35:00Z,CALL,76,36,1.13965,1.13991,WIN,0.9,0.91,0.92,0.93
EURUSD,2m,2026-09-25T18:34:00Z,2026-09-25T18:35:00Z,2026-09-25T18:37:00Z,CALL,71,40,1.13982,1.13975,LOSS,-1.0,-1.0,-1.0,-1.0
EURUSD,2m,2026-09-25T18:36:00Z,2026-09-25T18:37:00Z,2026-09-25T18:39:00Z,PUT,24,15,1.1399,1.1397,WIN,0.9,0.91,0.92,0.93
EURUSD,2m,2026-09-25T18:38:00Z,2026-09-25T18:39:00Z,2026-09-25T18:41:00Z,PUT,33,24,1.13978,1.13971,WIN,0.9,0.91,0.92,0.93
EURUSD,2m,2026-09-25T18:40:00Z,2026-09-25T18:41:00Z,2026-09-25T18:43:00Z,CALL,76,29,1.13973,1.13991,WIN,0.9,0.91,0.92,0.93
EURUSD,2m,2026-09-25T18:42:00Z,2026-09-25T18:43:00Z,2026-09-25T18:45:00Z,CALL,70,30,1.13985,1.13986,WIN,0.9,0.91,0.92,0.93
EURUSD,2m,2026-09-25T18:46:00Z,2026-09-25T18:47:00Z,2026-09-25T18:49:00Z,CALL,67,27,1.13992,1.14002,WIN,0.9,0.91,0.92,0.93
EURUSD,2m,2026-09-25T18:48:00Z,2026-09-25T18:49:00Z,2026-09-25T18:51:00Z,CALL,100,55,1.14001,1.14004,WIN,0.9,0.91,0.92,0.93
EURUSD,2m,2026-09-25T18:50:00Z,2026-09-25T18:51:00Z,2026-09-25T18:53:00Z,CALL,81,34,1.13999,1.14,WIN,0.9,0.91,0.92,0.93
EURUSD,2m,2026-09-25T18:52:00Z,2026-09-25T18:53:00Z,2026-09-25T18:55:00Z,PUT,36,27,1.14008,1.13998,WIN,0.9,0.91,0.92,0.93
EURUSD,2m,2026-09-25T18:54:00Z,2026-09-25T18:55:00Z,2026-09-25T18:57:00Z,CALL,63,16,1.13997,1.13994,LOSS,-1.0,-1.0,-1.0,-1.0
EURUSD,2m,2026-09-25T18:56:00Z,2026-09-25T18:57:00Z,2026-09-25T18:59:00Z,PUT,33,24,1.14001,1.13993,WIN,0.9,0.91,0.92,0.93
EURUSD,2m,2026-09-25T18:58:00Z,2026-09-25T18:59:00Z,2026-09-25T19:01:00Z,CALL,64,24,1.13997,1.13995,LOSS,-1.0,-1.0,-1.0,-1.0
EURUSD,2m,2026-09-25T19:00:00Z,2026-09-25T19:01:00Z,2026-09-25T19:03:00Z,CALL,58,23,1.13993,1.13976,LOSS,-1.0,-1.0,-1.0,-1.0
EURUSD,2m,2026-09-25T19:02:00Z,2026-09-25T19:03:00Z,2026-09-25T19:05:00Z,PUT,51,42,1.1398,1.13984,LOSS,-1.0,-1.0,-1.0,-1.0
EURUSD,2m,2026-09-25T19:04:00Z,2026-09-25T19:05:00Z,2026-09-25T19:07:00Z,CALL,54,32,1.13971,1.13998,WIN,0.9,0.91,0.92,0.93
EURUSD,2m,2026-09-25T19:06:00Z,2026-09-25T19:07:00Z,2026-09-25T19:09:00Z,CALL,35,20,1.13988,1.14001,WIN,0.9,0.91,0.92,0.93
EURUSD,2m,2026-09-25T19:08:00Z,2026-09-25T19:09:00Z,2026-09-25T19:11:00Z,CALL,39,24,1.13995,1.13988,LOSS,-1.0,-1.0,-1.0,-1.0
EURUSD,2m,2026-09-25T19:10:00Z,2026-09-25T19:11:00Z,2026-09-25T19:13:00Z,PUT,44,24,1.13996,1.13991,WIN,0.9,0.91,0.92,0.93
EURUSD,2m,2026-09-25T19:12:00Z,2026-09-25T19:13:00Z,2026-09-25T19:15:00Z,CALL,30,19,1.13991,1.13999,WIN,0.9,0.91,0.92,0.93
EURUSD,2m,2026-09-25T19:16:00Z,2026-09-25T19:17:00Z,2026-09-25T19:19:00Z,PUT,26,5,1.13995,1.13989,WIN,0.9,0.91,0.92,0.93
EURUSD,2m,2026-09-25T19:18:00Z,2026-09-25T19:19:00Z,2026-09-25T19:21:00Z,CALL,58,19,1.13995,1.13991,LOSS,-1.0,-1.0,-1.0,-1.0
EURUSD,2m,2026-09-25T19:20:00Z,2026-09-25T19:21:00Z,2026-09-25T19:23:00Z,CALL,77,38,1.13988,1.13992,WIN,0.9,0.91,0.92,0.93
EURUSD,2m,2026-09-25T19:22:00Z,2026-09-25T19:23:00Z,2026-09-25T19:25:00Z,CALL,82,43,1.13981,1.13986,WIN,0.9,0.91,0.92,0.93
EURUSD,2m,2026-09-25T19:24:00Z,2026-09-25T19:25:00Z,2026-09-25T19:27:00Z,PUT,53,40,1.13993,1.13983,WIN,0.9,0.91,0.92,0.93
EURUSD,2m,2026-09-25T19:26:00Z,2026-09-25T19:27:00Z,2026-09-25T19:29:00Z,PUT,46,26,1.13982,1.13977,WIN,0.9,0.91,0.92,0.93
EURUSD,2m,2026-09-25T19:28:00Z,2026-09-25T19:29:00Z,2026-09-25T19:31:00Z,PUT,51,38,1.13982,1.13977,WIN,0.9,0.91,0.92,0.93
EURUSD,2m,2026-09-25T19:30:00Z,2026-09-25T19:31:00Z,2026-09-25T19:33:00Z,CALL,23,5,1.13981,1.13983,WIN,0.9,0.91,0.92,0.93
EURUSD,2m,2026-09-25T19:32:00Z,2026-09-25T19:33:00Z,2026-09-25T19:35:00Z,CALL,21,10,1.1398,1.13985,WIN,0.9,0.91,0.92,0.93
EURUSD,2m,2026-09-25T19:34:00Z,2026-09-25T19:35:00Z,2026-09-25T19:37:00Z,PUT,59,19,1.13984,1.14006,LOSS,-1.0,-1.0,-1.0,-1.0
EURUSD,2m,2026-09-25T19:36:00Z,2026-09-25T19:37:00Z,2026-09-25T19:39:00Z,CALL,57,46,1.13987,1.13995,WIN,0.9,0.91,0.92,0.93
EURUSD,2m,2026-09-25T19:38:00Z,2026-09-25T19:39:00Z,2026-09-25T19:41:00Z,PUT,81,33,1.13998,1.1398,WIN,0.9,0.91,0.92,0.93
EURUSD,2m,2026-09-25T19:40:00Z,2026-09-25T19:41:00Z,2026-09-25T19:43:00Z,PUT,63,30,1.13988,1.13976,WIN,0.9,0.91,0.92,0.93
EURUSD,2m,2026-09-25T19:42:00Z,2026-09-25T19:43:00Z,2026-09-25T19:45:00Z,PUT,35,24,1.13977,1.13981,LOSS,-1.0,-1.0,-1.0,-1.0
EURUSD,2m,2026-09-25T19:44:00Z,2026-09-25T19:45:00Z,2026-09-25T19:47:00Z,CALL,38,22,1.1398,1.13983,WIN,0.9,0.91,0.92,0.93
EURUSD,2m,2026-09-25T19:46:00Z,2026-09-25T19:47:00Z,2026-09-25T19:49:00Z,CALL,32,16,1.13982,1.13981,LOSS,-1.0,-1.0,-1.0,-1.0
EURUSD,2m,2026-09-25T19:48:00Z,2026-09-25T19:49:00Z,2026-09-25T19:51:00Z,PUT,33,22,1.13981,1.13976,WIN,0.9,0.91,0.92,0.93
EURUSD,2m,2026-09-25T19:50:00Z,2026-09-25T19:51:00Z,2026-09-25T19:53:00Z,PUT,61,30,1.13977,1.13972,WIN,0.9,0.91,0.92,0.93
EURUSD,2m,2026-09-25T19:52:00Z,2026-09-25T19:53:00Z,2026-09-25T19:55:00Z,PUT,61,30,1.13976,1.13967,WIN,0.9,0.91,0.92,0.93
EURUSD,2m,2026-09-25T19:54:00Z,2026-09-25T19:55:00Z,2026-09-25T19:57:00Z,PUT,67,36,1.13972,1.13962,WIN,0.9,0.91,0.92,0.93
EURUSD,2m,2026-09-25T19:56:00Z,2026-09-25T19:57:00Z,2026-09-25T19:59:00Z,PUT,71,40,1.13961,1.13952,WIN,0.9,0.91,0.92,0.93
EURUSD,2m,2026-09-25T19:58:00Z,2026-09-25T19:59:00Z,2026-09-25T20:01:00Z,PUT,78,40,1.13961,1.13959,WIN,0.9,0.91,0.92,0.93
EURUSD,2m,2026-09-25T20:00:00Z,2026-09-25T20:01:00Z,2026-09-25T20:03:00Z,CALL,25,11,1.13959,1.13968,WIN,0.9,0.91,0.92,0.93
EURUSD,2m,2026-09-25T20:02:00Z,2026-09-25T20:03:00Z,2026-09-25T20:05:00Z,CALL,38,14,1.1396,1.13955,LOSS,-1.0,-1.0,-1.0,-1.0
EURUSD,2m,2026-09-25T20:04:00Z,2026-09-25T20:05:00Z,2026-09-25T20:07:00Z,PUT,71,33,1.13961,1.13953,WIN,0.9,0.91,0.92,0.93
EURUSD,2m,2026-09-25T20:06:00Z,2026-09-25T20:07:00Z,2026-09-25T20:09:00Z,PUT,69,24,1.13957,1.13938,WIN,0.9,0.91,0.92,0.93
EURUSD,2m,2026-09-25T20:08:00Z,2026-09-25T20:09:00Z,2026-09-25T20:11:00Z,PUT,82,35,1.13947,1.13941,WIN,0.9,0.91,0.92,0.93
EURUSD,2m,2026-09-25T20:10:00Z,2026-09-25T20:11:00Z,2026-09-25T20:13:00Z,CALL,32,23,1.13936,1.13936,TIE,0.0,0.0,0.0,0.0
EURUSD,2m,2026-09-25T20:12:00Z,2026-09-25T20:13:00Z,2026-09-25T20:15:00Z,PUT,74,27,1.13937,1.13937,TIE,0.0,0.0,0.0,0.0
EURUSD,2m,2026-09-25T20:14:00Z,2026-09-25T20:15:00Z,2026-09-25T20:17:00Z,CALL,32,23,1.13935,1.1394,WIN,0.9,0.91,0.92,0.93
EURUSD,2m,2026-09-25T20:16:00Z,2026-09-25T20:17:00Z,2026-09-25T20:19:00Z,CALL,23,14,1.1394,1.13941,WIN,0.9,0.91,0.92,0.93
EURUSD,2m,2026-09-25T20:18:00Z,2026-09-25T20:19:00Z,2026-09-25T20:21:00Z,PUT,48,10,1.13942,1.13943,LOSS,-1.0,-1.0,-1.0,-1.0
EURUSD,2m,2026-09-25T20:20:00Z,2026-09-25T20:21:00Z,2026-09-25T20:23:00Z,PUT,48,10,1.13945,1.13939,WIN,0.9,0.91,0.92,0.93
EURUSD,2m,2026-09-25T20:22:00Z,2026-09-25T20:23:00Z,2026-09-25T20:25:00Z,PUT,67,27,1.1394,1.13941,LOSS,-1.0,-1.0,-1.0,-1.0
EURUSD,2m,2026-09-25T20:24:00Z,2026-09-25T20:25:00Z,2026-09-25T20:27:00Z,PUT,64,24,1.13945,1.13931,WIN,0.9,0.91,0.92,0.93
EURUSD,2m,2026-09-25T20:26:00Z,2026-09-25T20:27:00Z,2026-09-25T20:29:00Z,PUT,98,51,1.13935,1.13924,WIN,0.9,0.91,0.92,0.93
EURUSD,2m,2026-09-25T20:28:00Z,2026-09-25T20:29:00Z,2026-09-25T20:31:00Z,PUT,80,40,1.13928,1.13928,TIE,0.0,0.0,0.0,0.0
EURUSD,2m,2026-09-25T20:30:00Z,2026-09-25T20:31:00Z,2026-09-25T20:33:00Z,PUT,57,10,1.13928,1.13941,LOSS,-1.0,-1.0,-1.0,-1.0
EURUSD,2m,2026-09-25T20:32:00Z,2026-09-25T20:33:00Z,2026-09-25T20:35:00Z,CALL,31,20,1.13928,1.13943,WIN,0.9,0.91,0.92,0.93
EURUSD,2m,2026-09-25T20:34:00Z,2026-09-25T20:35:00Z,2026-09-25T20:37:00Z,PUT,67,25,1.13947,1.13952,LOSS,-1.0,-1.0,-1.0,-1.0
EURUSD,2m,2026-09-25T20:36:00Z,2026-09-25T20:37:00Z,2026-09-25T20:39:00Z,CALL,50,30,1.13949,1.13945,LOSS,-1.0,-1.0,-1.0,-1.0
EURUSD,2m,2026-09-25T20:38:00Z,2026-09-25T20:39:00Z,2026-09-25T20:41:00Z,PUT,72,34,1.13947,1.13945,WIN,0.9,0.91,0.92,0.93
EURUSD,2m,2026-09-25T20:40:00Z,2026-09-25T20:41:00Z,2026-09-25T20:43:00Z,PUT,55,19,1.13941,1.13932,WIN,0.9,0.91,0.92,0.93
EURUSD,2m,2026-09-25T20:42:00Z,2026-09-25T20:43:00Z,2026-09-25T20:45:00Z,PUT,54,25,1.13942,1.13933,WIN,0.9,0.91,0.92,0.93
EURUSD,2m,2026-09-25T20:44:00Z,2026-09-25T20:45:00Z,2026-09-25T20:47:00Z,PUT,53,24,1.13934,1.13934,TIE,0.0,0.0,0.0,0.0
EURUSD,2m,2026-09-25T20:46:00Z,2026-09-25T20:47:00Z,2026-09-25T20:49:00Z,CALL,30,14,1.13935,1.13925,LOSS,-1.0,-1.0,-1.0,-1.0
EURUSD,2m,2026-09-25T20:48:00Z,2026-09-25T20:49:00Z,2026-09-25T20:51:00Z,PUT,66,35,1.13933,1.13925,WIN,0.9,0.91,0.92,0.93
EURUSD,2m,2026-09-25T20:50:00Z,2026-09-25T20:51:00Z,2026-09-25T20:53:00Z,CALL,40,19,1.13926,1.13922,LOSS,-1.0,-1.0,-1.0,-1.0
EURUSD,2m,2026-09-25T20:52:00Z,2026-09-25T20:53:00Z,2026-09-25T20:55:00Z,PUT,65,29,1.13925,1.13921,WIN,0.9,0.91,0.92,0.93
EURUSD,2m,2026-09-25T20:54:00Z,2026-09-25T20:55:00Z,2026-09-25T20:57:00Z,PUT,86,50,1.13922,1.13913,WIN,0.9,0.91,0.92,0.93
